order_id,customer_id,product_id,quantity,unit_price,total_amount,order_date,status,payment_method
ORD0001751,CUS000391,PROD0294,4,11478.93,45915.72,2024-10-03,Shipped,Net Banking
ORD0001752,CUS000396,PROD0033,5,29850.0,149250.0,2026-03-18,Shipped,Net Banking
ORD0001753,CUS000584,PROD0056,3,18196.44,54589.32,2026-03-02,Returned,UPI
ORD0001754,CUS000107,PROD0048,2,14248.87,28497.74,2026-02-03,Pending,Debit Card
ORD0001755,CUS000501,PROD0017,5,24869.23,124346.15,2024-09-26,Delivered,Debit Card
ORD0001756,CUS000934,PROD0102,1,17085.4,17085.4,2025-12-28,Returned,UPI
ORD0001757,CUS000299,PROD0106,2,16760.25,33520.5,2026-05-01,Pending,Credit Card
ORD0001758,CUS000378,PROD0233,1,25425.13,25425.13,2025-11-14,Pending,Credit Card
ORD0001759,CUS000881,PROD0088,3,1011.8,3035.4,2025-06-03,Returned,Net Banking
ORD0001760,CUS000133,PROD0081,1,7798.27,7798.27,2024-10-31,Pending,Net Banking
ORD0001761,CUS000399,PROD0245,1,14291.9,14291.9,2024-09-16,Shipped,Debit Card
ORD0001762,CUS000443,PROD0106,3,16760.25,50280.75,2024-09-13,Returned,Debit Card
ORD0001763,CUS000602,PROD0295,3,9874.53,29623.59,2026-06-30,Shipped,COD
ORD0001764,CUS000207,PROD0235,3,25761.43,77284.29,2024-12-07,Delivered,Debit Card
ORD0001765,CUS000845,PROD0229,1,30975.27,30975.27,2025-12-29,Returned,COD
ORD0001766,CUS000337,PROD0127,5,3683.3,18416.5,2025-11-19,Pending,Net Banking
ORD0001767,CUS000590,PROD0236,4,22192.54,88770.16,2026-04-25,Delivered,Credit Card
ORD0001768,CUS000356,PROD0148,4,21363.56,85454.24,2026-05-01,Cancelled,Net Banking
ORD0001769,CUS000256,PROD0090,4,22711.21,90844.84,2025-06-17,Shipped,COD
ORD0001770,CUS000394,PROD0222,4,28576.23,114304.92,2026-03-24,Shipped,COD
ORD0001771,CUS000716,PROD0049,4,2794.43,11177.72,2024-10-14,Delivered,Debit Card
ORD0001772,CUS000904,PROD0081,3,7798.27,23394.81,2025-06-20,Pending,UPI
ORD0001773,CUS000931,PROD0035,2,20306.63,40613.26,2024-07-28,Returned,Net Banking
ORD0001774,CUS000378,PROD0284,1,850.17,850.17,2025-05-18,Delivered,Credit Card
ORD0001775,CUS000420,PROD0259,3,22176.14,66528.42,2024-12-27,Returned,Debit Card
ORD0001776,CUS000519,PROD0130,2,24503.36,49006.72,2025-01-04,Delivered,Net Banking
ORD0001777,CUS000655,PROD0014,1,5120.49,5120.49,2026-04-30,Returned,Net Banking
ORD0001778,CUS000877,PROD0176,4,2591.32,10365.28,2024-09-17,Shipped,Net Banking
ORD0001779,CUS000257,PROD0020,1,11681.79,11681.79,2025-06-08,Delivered,Debit Card
ORD0001780,CUS000497,PROD0168,4,22516.49,90065.96,2026-02-09,Returned,Credit Card
ORD0001781,CUS000673,PROD0043,5,657.14,3285.7,2025-07-04,Shipped,Net Banking
ORD0001782,CUS000841,PROD0072,4,3833.13,15332.52,2026-01-09,Cancelled,Debit Card
ORD0001783,CUS000622,PROD0088,1,1011.8,1011.8,2025-05-19,Delivered,Debit Card
ORD0001784,CUS000548,PROD0151,1,22748.17,22748.17,2024-11-16,Returned,Debit Card
ORD0001785,CUS000694,PROD0040,1,22078.27,22078.27,2025-09-15,Cancelled,Debit Card
ORD0001786,CUS000183,PROD0226,3,24110.23,72330.69,2025-11-08,Shipped,Credit Card
ORD0001787,CUS000453,PROD0273,2,18387.16,36774.32,2026-02-02,Delivered,COD
ORD0001788,CUS000707,PROD0053,4,5387.53,21550.12,2024-07-31,Cancelled,Net Banking
ORD0001789,CUS000005,PROD0027,5,21018.86,105094.3,2026-05-05,Delivered,Net Banking
ORD0001790,CUS000384,PROD0104,2,18526.32,37052.64,2025-05-03,Shipped,Debit Card
ORD0001791,CUS000432,PROD0047,1,15946.88,15946.88,2024-10-31,Delivered,Credit Card
ORD0001792,CUS000697,PROD0173,2,20973.73,41947.46,2026-04-10,Delivered,Debit Card
ORD0001793,CUS000742,PROD0050,2,12696.79,25393.58,2026-05-07,Shipped,Credit Card
ORD0001794,CUS000111,PROD0213,5,30425.44,152127.2,2025-02-12,Cancelled,UPI
ORD0001795,CUS000640,PROD0288,2,23947.4,47894.8,2025-02-28,Shipped,COD
ORD0001796,CUS000124,PROD0203,4,20754.3,83017.2,2026-03-01,Shipped,Debit Card
ORD0001797,CUS000332,PROD0055,3,24824.0,74472.0,2024-11-13,Shipped,Credit Card
ORD0001798,CUS000013,PROD0206,3,5519.24,16557.72,2025-10-07,Returned,Debit Card
ORD0001799,CUS000068,PROD0235,2,25761.43,51522.86,2025-01-11,Cancelled,COD
ORD0001800,CUS000069,PROD0189,1,23820.4,23820.4,2025-07-14,Shipped,Net Banking
ORD0001801,CUS000512,PROD0155,5,3726.99,18634.95,2026-04-22,Delivered,COD
ORD0001802,CUS000258,PROD0292,2,925.26,1850.52,2025-03-21,Delivered,COD
ORD0001803,CUS000695,PROD0167,4,4935.28,19741.12,2024-10-19,Shipped,UPI
ORD0001804,CUS000872,PROD0090,3,22711.21,68133.63,2025-03-25,Returned,Credit Card
ORD0001805,CUS000624,PROD0172,1,16145.14,16145.14,2024-11-03,Pending,Net Banking
ORD0001806,CUS000656,PROD0196,5,18569.56,92847.8,2026-06-14,Shipped,COD
ORD0001807,CUS000022,PROD0007,2,3975.62,7951.24,2024-08-20,Pending,Credit Card
ORD0001808,CUS000756,PROD0159,2,725.56,1451.12,2025-03-04,Returned,Debit Card
ORD0001809,CUS000141,PROD0041,1,28709.32,28709.32,2026-02-17,Cancelled,Net Banking
ORD0001810,CUS000156,PROD0152,2,26147.24,52294.48,2024-08-10,Returned,Debit Card
ORD0001811,CUS000946,PROD0020,2,11681.79,23363.58,2024-10-20,Pending,Net Banking
ORD0001812,CUS000285,PROD0169,2,12925.7,25851.4,2025-03-17,Cancelled,Credit Card
ORD0001813,CUS000664,PROD0267,4,28287.72,113150.88,2024-09-29,Cancelled,Credit Card
ORD0001814,CUS000351,PROD0118,3,2406.91,7220.73,2026-01-27,Shipped,Debit Card
ORD0001815,CUS000929,PROD0277,1,28797.2,28797.2,2026-07-08,Shipped,Debit Card
ORD0001816,CUS000330,PROD0196,5,18569.56,92847.8,2025-02-07,Shipped,Net Banking
ORD0001817,CUS000891,PROD0004,1,4982.23,4982.23,2025-06-08,Returned,Credit Card
ORD0001818,CUS000650,PROD0099,1,24020.03,24020.03,2025-01-13,Shipped,Debit Card
ORD0001819,CUS000178,PROD0065,1,15462.81,15462.81,2026-05-05,Pending,COD
ORD0001820,CUS000520,PROD0105,2,15603.52,31207.04,2025-05-19,Delivered,Net Banking
ORD0001821,CUS000169,PROD0240,3,6365.95,19097.85,2025-07-25,Shipped,Debit Card
ORD0001822,CUS000621,PROD0218,2,4350.83,8701.66,2024-07-16,Shipped,UPI
ORD0001823,CUS000460,PROD0147,5,15769.93,78849.65,2025-11-14,Shipped,UPI
ORD0001824,CUS000974,PROD0247,1,19853.05,19853.05,2025-02-16,Cancelled,Net Banking
ORD0001825,CUS000483,PROD0194,2,14512.53,29025.06,2024-10-24,Returned,Net Banking
ORD0001826,CUS000753,PROD0259,5,22176.14,110880.7,2025-09-21,Returned,Debit Card
ORD0001827,CUS000781,PROD0247,1,19853.05,19853.05,2025-06-18,Returned,Net Banking
ORD0001828,CUS000610,PROD0043,3,657.14,1971.42,2024-10-26,Pending,Debit Card
ORD0001829,CUS000264,PROD0284,2,850.17,1700.34,2025-10-05,Returned,Net Banking
ORD0001830,CUS000291,PROD0157,4,19222.02,76888.08,2025-05-10,Returned,COD
ORD0001831,CUS000342,PROD0247,1,19853.05,19853.05,2024-11-20,Shipped,Net Banking
ORD0001832,CUS000939,PROD0101,2,27412.47,54824.94,2024-09-24,Shipped,Credit Card
ORD0001833,CUS000748,PROD0007,5,3975.62,19878.1,2026-01-28,Cancelled,Net Banking
ORD0001834,CUS000963,PROD0208,4,21080.49,84321.96,2026-06-04,Returned,UPI
ORD0001835,CUS000316,PROD0197,4,23332.79,93331.16,2026-02-15,Pending,Credit Card
ORD0001836,CUS000944,PROD0210,1,13769.31,13769.31,2025-12-29,Delivered,Net Banking
ORD0001837,CUS000199,PROD0290,2,17380.15,34760.3,2025-10-22,Returned,UPI
ORD0001838,CUS000727,PROD0179,5,17837.41,89187.05,2025-11-13,Returned,UPI
ORD0001839,CUS000949,PROD0030,4,21023.05,84092.2,2026-05-22,Returned,Debit Card
ORD0001840,CUS000036,PROD0125,4,10486.69,41946.76,2025-07-31,Cancelled,Credit Card
ORD0001841,CUS000620,PROD0076,3,27239.74,81719.22,2025-02-22,Returned,Debit Card
ORD0001842,CUS000617,PROD0131,2,23313.34,46626.68,2024-12-31,Pending,Debit Card
ORD0001843,CUS000790,PROD0007,1,3975.62,3975.62,2025-09-01,Delivered,Net Banking
ORD0001844,CUS000998,PROD0204,5,21550.07,107750.35,2024-08-02,Delivered,COD
ORD0001845,CUS000170,PROD0097,4,4727.95,18911.8,2026-03-14,Returned,UPI
ORD0001846,CUS000991,PROD0155,5,3726.99,18634.95,2025-04-07,Pending,Net Banking
ORD0001847,CUS000771,PROD0158,4,25971.81,103887.24,2025-09-15,Delivered,Credit Card
ORD0001848,CUS000834,PROD0294,3,11478.93,34436.79,2025-08-06,Shipped,UPI
ORD0001849,CUS000716,PROD0108,4,15768.38,63073.52,2025-10-06,Cancelled,Credit Card
ORD0001850,CUS000002,PROD0087,4,287.57,1150.28,2025-04-07,Delivered,Credit Card
ORD0001851,CUS000427,PROD0214,5,1270.68,6353.4,2026-06-18,Cancelled,Net Banking
ORD0001852,CUS000384,PROD0088,2,1011.8,2023.6,2024-12-24,Shipped,Debit Card
ORD0001853,CUS000187,PROD0102,4,17085.4,68341.6,2025-01-30,Pending,Credit Card
ORD0001854,CUS000834,PROD0231,5,18881.98,94409.9,2025-07-20,Shipped,Debit Card
ORD0001855,CUS000768,PROD0103,1,22581.1,22581.1,2026-03-03,Shipped,Debit Card
ORD0001856,CUS000452,PROD0133,4,15987.91,63951.64,2025-06-28,Pending,Credit Card
ORD0001857,CUS000301,PROD0086,1,20746.71,20746.71,2024-07-25,Delivered,Net Banking
ORD0001858,CUS000066,PROD0064,3,17603.07,52809.21,2024-08-26,Cancelled,Credit Card
ORD0001859,CUS000490,PROD0300,2,6717.61,13435.22,2025-11-05,Returned,Credit Card
ORD0001860,CUS000273,PROD0005,1,2268.03,2268.03,2024-10-09,Delivered,COD
ORD0001861,CUS000217,PROD0022,1,23884.04,23884.04,2025-04-14,Pending,Credit Card
ORD0001862,CUS000533,PROD0193,5,14802.7,74013.5,2024-07-29,Cancelled,Net Banking
ORD0001863,CUS000619,PROD0243,3,23289.34,69868.02,2025-01-24,Returned,UPI
ORD0001864,CUS000323,PROD0190,3,7813.72,23441.16,2025-08-12,Shipped,UPI
ORD0001865,CUS000626,PROD0205,4,19933.23,79732.92,2025-09-25,Delivered,UPI
ORD0001866,CUS000004,PROD0170,1,25968.61,25968.61,2026-05-18,Returned,Net Banking
ORD0001867,CUS000617,PROD0072,1,3833.13,3833.13,2026-06-08,Delivered,COD
ORD0001868,CUS000378,PROD0144,2,11328.92,22657.84,2026-05-16,Returned,COD
ORD0001869,CUS000424,PROD0244,5,26855.71,134278.55,2025-02-23,Shipped,Credit Card
ORD0001870,CUS000649,PROD0165,1,13221.55,13221.55,2024-08-26,Cancelled,Credit Card
ORD0001871,CUS000240,PROD0167,4,4935.28,19741.12,2025-04-16,Pending,Net Banking
ORD0001872,CUS000814,PROD0205,5,19933.23,99666.15,2024-11-24,Delivered,UPI
ORD0001873,CUS000675,PROD0220,4,11783.66,47134.64,2025-11-05,Delivered,Net Banking
ORD0001874,CUS000200,PROD0151,5,22748.17,113740.85,2026-04-28,Shipped,COD
ORD0001875,CUS000033,PROD0293,5,29184.94,145924.7,2025-09-16,Shipped,Net Banking
ORD0001876,CUS000853,PROD0045,3,1623.55,4870.65,2026-04-03,Pending,Net Banking
ORD0001877,CUS000978,PROD0087,4,287.57,1150.28,2025-04-10,Delivered,Net Banking
ORD0001878,CUS000250,PROD0277,2,28797.2,57594.4,2024-10-14,Shipped,Debit Card
ORD0001879,CUS000446,PROD0046,1,13145.19,13145.19,2026-05-31,Delivered,Debit Card
ORD0001880,CUS000785,PROD0168,4,22516.49,90065.96,2024-07-19,Cancelled,Debit Card
ORD0001881,CUS000975,PROD0132,4,19088.27,76353.08,2025-09-30,Delivered,Debit Card
ORD0001882,CUS000093,PROD0274,4,4166.02,16664.08,2026-06-26,Cancelled,Debit Card
ORD0001883,CUS000067,PROD0295,5,9874.53,49372.65,2024-10-25,Cancelled,Net Banking
ORD0001884,CUS000990,PROD0196,5,18569.56,92847.8,2025-03-06,Returned,Debit Card
ORD0001885,CUS000119,PROD0115,3,7756.98,23270.94,2026-04-28,Cancelled,Credit Card
ORD0001886,CUS000349,PROD0058,1,12136.03,12136.03,2025-08-09,Pending,Debit Card
ORD0001887,CUS000377,PROD0060,5,27862.37,139311.85,2025-03-08,Shipped,UPI
ORD0001888,CUS000755,PROD0195,5,14955.53,74777.65,2026-03-26,Delivered,UPI
ORD0001889,CUS000549,PROD0032,5,5297.14,26485.7,2025-10-20,Shipped,Net Banking
ORD0001890,CUS000790,PROD0217,3,9089.29,27267.87,2025-01-12,Cancelled,Debit Card
ORD0001891,CUS000605,PROD0267,5,28287.72,141438.6,2026-06-17,Shipped,Credit Card
ORD0001892,CUS000552,PROD0203,1,20754.3,20754.3,2026-02-20,Returned,UPI
ORD0001893,CUS000858,PROD0075,3,14845.27,44535.81,2025-10-09,Shipped,Net Banking
ORD0001894,CUS000616,PROD0234,2,2160.75,4321.5,2025-10-28,Cancelled,Debit Card
ORD0001895,CUS000328,PROD0018,5,2139.17,10695.85,2025-11-11,Cancelled,COD
ORD0001896,CUS000869,PROD0064,3,17603.07,52809.21,2025-12-11,Pending,Net Banking
ORD0001897,CUS000299,PROD0111,4,8296.4,33185.6,2025-03-31,Returned,Credit Card
ORD0001898,CUS000848,PROD0171,2,22219.95,44439.9,2026-03-25,Shipped,Debit Card
ORD0001899,CUS000878,PROD0027,2,21018.86,42037.72,2025-11-23,Returned,Net Banking
ORD0001900,CUS000023,PROD0154,2,4668.27,9336.54,2025-01-29,Pending,Net Banking
ORD0001901,CUS000695,PROD0173,4,20973.73,83894.92,2025-05-11,Returned,UPI
ORD0001902,CUS000074,PROD0201,4,1781.53,7126.12,2025-08-24,Pending,UPI
ORD0001903,CUS000718,PROD0145,2,4547.08,9094.16,2026-02-12,Pending,Net Banking
ORD0001904,CUS000332,PROD0050,2,12696.79,25393.58,2025-01-20,Pending,Credit Card
ORD0001905,CUS000671,PROD0156,4,11802.09,47208.36,2025-07-06,Shipped,COD
ORD0001906,CUS000713,PROD0071,4,17318.77,69275.08,2026-05-14,Returned,UPI
ORD0001907,CUS000224,PROD0075,2,14845.27,29690.54,2024-10-13,Shipped,Credit Card
ORD0001908,CUS000105,PROD0186,5,4912.6,24563.0,2026-02-07,Shipped,Net Banking
ORD0001909,CUS000949,PROD0219,2,17649.86,35299.72,2026-06-13,Delivered,Credit Card
ORD0001910,CUS000184,PROD0183,4,3387.59,13550.36,2026-02-16,Delivered,Credit Card
ORD0001911,CUS000608,PROD0264,3,20967.16,62901.48,2026-02-10,Returned,Debit Card
ORD0001912,CUS000035,PROD0207,2,3398.25,6796.5,2024-11-27,Delivered,Debit Card
ORD0001913,CUS000310,PROD0204,4,21550.07,86200.28,2026-04-07,Pending,Debit Card
ORD0001914,CUS000797,PROD0193,1,14802.7,14802.7,2025-02-22,Returned,Net Banking
ORD0001915,CUS000377,PROD0141,4,12146.56,48586.24,2026-06-01,Delivered,Credit Card
ORD0001916,CUS000125,PROD0060,1,27862.37,27862.37,2024-12-24,Returned,COD
ORD0001917,CUS000601,PROD0116,1,17821.57,17821.57,2026-02-10,Pending,COD
ORD0001918,CUS000711,PROD0246,3,27644.6,82933.8,2025-03-18,Delivered,COD
ORD0001919,CUS000496,PROD0093,4,4914.48,19657.92,2024-11-09,Returned,UPI
ORD0001920,CUS000102,PROD0293,2,29184.94,58369.88,2026-03-27,Cancelled,Credit Card
ORD0001921,CUS000416,PROD0276,2,16610.56,33221.12,2026-01-24,Delivered,Net Banking
ORD0001922,CUS000803,PROD0285,5,22879.66,114398.3,2025-02-17,Pending,Net Banking
ORD0001923,CUS000858,PROD0033,5,29850.0,149250.0,2026-01-30,Pending,COD
ORD0001924,CUS000989,PROD0064,2,17603.07,35206.14,2025-01-23,Delivered,Debit Card
ORD0001925,CUS000569,PROD0093,1,4914.48,4914.48,2026-02-24,Returned,UPI
ORD0001926,CUS000132,PROD0063,1,27332.04,27332.04,2025-08-07,Pending,Debit Card
ORD0001927,CUS000576,PROD0083,1,7886.68,7886.68,2026-01-10,Cancelled,Credit Card
ORD0001928,CUS000519,PROD0044,1,284.1,284.1,2026-06-14,Cancelled,UPI
ORD0001929,CUS000434,PROD0279,2,4529.87,9059.74,2026-04-09,Delivered,Debit Card
ORD0001930,CUS000969,PROD0154,1,4668.27,4668.27,2025-02-27,Pending,UPI
ORD0001931,CUS000144,PROD0274,4,4166.02,16664.08,2024-07-20,Pending,Net Banking
ORD0001932,CUS000933,PROD0161,5,20929.14,104645.7,2026-02-15,Cancelled,COD
ORD0001933,CUS000215,PROD0276,5,16610.56,83052.8,2025-08-27,Delivered,Credit Card
ORD0001934,CUS000193,PROD0122,1,20840.78,20840.78,2025-04-09,Shipped,UPI
ORD0001935,CUS000617,PROD0111,2,8296.4,16592.8,2024-10-05,Pending,Debit Card
ORD0001936,CUS000132,PROD0184,3,5973.4,17920.2,2025-01-09,Pending,Net Banking
ORD0001937,CUS000262,PROD0039,5,15050.85,75254.25,2025-08-25,Cancelled,Net Banking
ORD0001938,CUS000468,PROD0084,4,19350.77,77403.08,2026-06-06,Delivered,UPI
ORD0001939,CUS000549,PROD0218,2,4350.83,8701.66,2025-01-20,Shipped,Credit Card
ORD0001940,CUS000732,PROD0138,2,22087.1,44174.2,2026-01-05,Cancelled,COD
ORD0001941,CUS000168,PROD0262,5,2400.12,12000.6,2026-05-11,Returned,Debit Card
ORD0001942,CUS000389,PROD0162,4,20722.55,82890.2,2025-07-28,Delivered,COD
ORD0001943,CUS000277,PROD0127,1,3683.3,3683.3,2025-03-31,Delivered,COD
ORD0001944,CUS000417,PROD0057,5,28387.91,141939.55,2025-03-26,Delivered,UPI
ORD0001945,CUS000932,PROD0046,3,13145.19,39435.57,2024-08-05,Cancelled,UPI
ORD0001946,CUS000281,PROD0075,2,14845.27,29690.54,2024-08-20,Delivered,Credit Card
ORD0001947,CUS000388,PROD0194,2,14512.53,29025.06,2025-12-26,Delivered,Credit Card
ORD0001948,CUS000746,PROD0090,5,22711.21,113556.05,2026-03-16,Cancelled,COD
ORD0001949,CUS000542,PROD0251,1,15530.24,15530.24,2025-08-09,Cancelled,COD
ORD0001950,CUS000278,PROD0145,5,4547.08,22735.4,2025-11-28,Pending,Credit Card
ORD0001951,CUS000326,PROD0025,2,1741.22,3482.44,2026-02-01,Returned,Debit Card
ORD0001952,CUS000565,PROD0177,5,22167.8,110839.0,2025-04-09,Pending,Net Banking
ORD0001953,CUS000131,PROD0245,5,14291.9,71459.5,2024-10-12,Cancelled,Credit Card
ORD0001954,CUS000674,PROD0263,2,17159.77,34319.54,2025-05-07,Shipped,Debit Card
ORD0001955,CUS000754,PROD0194,5,14512.53,72562.65,2025-12-08,Cancelled,Credit Card
ORD0001956,CUS000695,PROD0190,2,7813.72,15627.44,2026-06-16,Pending,Net Banking
ORD0001957,CUS000450,PROD0235,2,25761.43,51522.86,2025-03-04,Cancelled,Net Banking
ORD0001958,CUS000283,PROD0258,3,24895.55,74686.65,2025-08-05,Returned,COD
ORD0001959,CUS000651,PROD0118,3,2406.91,7220.73,2025-11-13,Delivered,UPI
ORD0001960,CUS000866,PROD0209,3,3694.82,11084.46,2024-12-01,Delivered,Credit Card
ORD0001961,CUS000968,PROD0040,2,22078.27,44156.54,2025-08-04,Delivered,Debit Card
ORD0001962,CUS000087,PROD0295,1,9874.53,9874.53,2026-04-12,Cancelled,COD
ORD0001963,CUS000986,PROD0253,1,19581.41,19581.41,2026-04-24,Returned,COD
ORD0001964,CUS000510,PROD0070,4,16199.5,64798.0,2026-04-29,Pending,COD
ORD0001965,CUS000015,PROD0064,4,17603.07,70412.28,2024-11-28,Pending,Debit Card
ORD0001966,CUS000720,PROD0004,4,4982.23,19928.92,2024-10-15,Pending,UPI
ORD0001967,CUS000701,PROD0126,5,1327.59,6637.95,2026-03-16,Pending,Credit Card
ORD0001968,CUS000691,PROD0230,2,15816.36,31632.72,2024-09-20,Pending,Debit Card
ORD0001969,CUS000376,PROD0090,1,22711.21,22711.21,2024-10-04,Shipped,COD
ORD0001970,CUS000433,PROD0181,1,14431.04,14431.04,2026-07-12,Returned,Net Banking
ORD0001971,CUS000994,PROD0088,3,1011.8,3035.4,2025-10-14,Delivered,UPI
ORD0001972,CUS000872,PROD0128,5,18818.64,94093.2,2025-05-06,Delivered,UPI
ORD0001973,CUS000301,PROD0154,4,4668.27,18673.08,2024-12-28,Cancelled,Debit Card
ORD0001974,CUS000404,PROD0002,5,6294.38,31471.9,2025-05-31,Shipped,UPI
ORD0001975,CUS000958,PROD0264,1,20967.16,20967.16,2025-12-06,Returned,COD
ORD0001976,CUS000365,PROD0250,1,21463.63,21463.63,2025-09-11,Delivered,COD
ORD0001977,CUS000306,PROD0236,3,22192.54,66577.62,2025-03-06,Cancelled,Credit Card
ORD0001978,CUS000912,PROD0003,3,23611.22,70833.66,2025-09-10,Shipped,Net Banking
ORD0001979,CUS000104,PROD0182,1,7731.99,7731.99,2026-06-10,Returned,Net Banking
ORD0001980,CUS000542,PROD0102,1,17085.4,17085.4,2025-04-11,Pending,Debit Card
ORD0001981,CUS000936,PROD0211,1,1136.32,1136.32,2024-10-11,Returned,Credit Card
ORD0001982,CUS000232,PROD0080,3,8257.43,24772.29,2026-06-02,Returned,Net Banking
ORD0001983,CUS000374,PROD0192,3,21885.35,65656.05,2025-03-04,Returned,Debit Card
ORD0001984,CUS000112,PROD0275,3,10343.7,31031.1,2025-06-15,Returned,Net Banking
ORD0001985,CUS000363,PROD0083,2,7886.68,15773.36,2025-02-24,Returned,Credit Card
ORD0001986,CUS000114,PROD0184,2,5973.4,11946.8,2025-10-03,Shipped,UPI
ORD0001987,CUS000405,PROD0021,2,14266.73,28533.46,2026-06-15,Returned,UPI
ORD0001988,CUS000683,PROD0017,2,24869.23,49738.46,2026-06-17,Shipped,Net Banking
ORD0001989,CUS000432,PROD0137,1,9043.25,9043.25,2025-06-20,Returned,COD
ORD0001990,CUS000333,PROD0254,2,21628.63,43257.26,2024-12-13,Returned,COD
ORD0001991,CUS000113,PROD0200,2,16144.1,32288.2,2025-07-30,Delivered,Credit Card
ORD0001992,CUS000353,PROD0065,2,15462.81,30925.62,2024-12-21,Pending,Credit Card
ORD0001993,CUS000695,PROD0122,1,20840.78,20840.78,2026-03-29,Cancelled,Net Banking
ORD0001994,CUS000492,PROD0005,4,2268.03,9072.12,2024-10-12,Cancelled,UPI
ORD0001995,CUS000780,PROD0249,1,18771.52,18771.52,2025-06-08,Returned,Debit Card
ORD0001996,CUS000192,PROD0079,5,18717.68,93588.4,2025-04-27,Shipped,UPI
ORD0001997,CUS000718,PROD0059,3,3837.92,11513.76,2025-07-02,Shipped,Net Banking
ORD0001998,CUS000724,PROD0102,4,17085.4,68341.6,2025-03-06,Delivered,COD
ORD0001999,CUS000876,PROD0093,2,4914.48,9828.96,2025-05-29,Pending,Debit Card
ORD0002000,CUS000136,PROD0118,1,2406.91,2406.91,2024-12-03,Returned,Credit Card
ORD0002001,CUS000952,PROD0141,2,12146.56,24293.12,2026-01-13,Shipped,Net Banking
ORD0002002,CUS000205,PROD0010,5,6905.88,34529.4,2024-10-30,Delivered,Credit Card
ORD0002003,CUS000538,PROD0195,4,14955.53,59822.12,2025-09-15,Cancelled,Debit Card
ORD0002004,CUS000437,PROD0114,3,15198.03,45594.09,2026-05-13,Returned,Credit Card
ORD0002005,CUS000660,PROD0262,4,2400.12,9600.48,2026-05-18,Delivered,UPI
ORD0002006,CUS000373,PROD0057,3,28387.91,85163.73,2026-05-24,Cancelled,UPI
ORD0002007,CUS000328,PROD0215,2,20383.4,40766.8,2024-08-30,Delivered,Debit Card
ORD0002008,CUS000054,PROD0021,1,14266.73,14266.73,2025-04-04,Cancelled,Debit Card
ORD0002009,CUS000287,PROD0147,4,15769.93,63079.72,2024-10-30,Pending,Credit Card
ORD0002010,CUS000259,PROD0221,2,25845.36,51690.72,2025-02-10,Returned,UPI
ORD0002011,CUS000115,PROD0172,3,16145.14,48435.42,2026-06-22,Delivered,Credit Card
ORD0002012,CUS000340,PROD0283,2,16845.28,33690.56,2026-04-01,Cancelled,UPI
ORD0002013,CUS000381,PROD0271,5,18225.62,91128.1,2026-03-12,Shipped,UPI
ORD0002014,CUS000394,PROD0108,5,15768.38,78841.9,2025-10-13,Delivered,Credit Card
ORD0002015,CUS000124,PROD0067,5,17331.22,86656.1,2024-12-11,Delivered,COD
ORD0002016,CUS000722,PROD0098,2,1120.17,2240.34,2025-10-08,Returned,Credit Card
ORD0002017,CUS000634,PROD0039,5,15050.85,75254.25,2026-02-05,Cancelled,UPI
ORD0002018,CUS000547,PROD0243,2,23289.34,46578.68,2025-09-14,Shipped,Credit Card
ORD0002019,CUS000429,PROD0066,2,22792.97,45585.94,2025-01-24,Pending,UPI
ORD0002020,CUS000917,PROD0287,3,9940.32,29820.96,2025-12-27,Cancelled,Net Banking
ORD0002021,CUS000070,PROD0061,4,20623.81,82495.24,2025-01-28,Returned,Net Banking
ORD0002022,CUS000810,PROD0269,5,22743.86,113719.3,2025-04-12,Delivered,Debit Card
ORD0002023,CUS000297,PROD0141,2,12146.56,24293.12,2026-07-03,Delivered,COD
ORD0002024,CUS000759,PROD0032,2,5297.14,10594.28,2025-11-14,Returned,Net Banking
ORD0002025,CUS000995,PROD0273,5,18387.16,91935.8,2026-02-01,Delivered,Debit Card
ORD0002026,CUS000394,PROD0225,5,6501.49,32507.45,2025-01-23,Pending,Net Banking
ORD0002027,CUS000279,PROD0206,5,5519.24,27596.2,2025-02-17,Shipped,Debit Card
ORD0002028,CUS000586,PROD0002,2,6294.38,12588.76,2025-04-22,Shipped,COD
ORD0002029,CUS000467,PROD0005,5,2268.03,11340.15,2025-12-16,Pending,COD
ORD0002030,CUS000873,PROD0133,3,15987.91,47963.73,2024-10-31,Shipped,UPI
ORD0002031,CUS000122,PROD0138,5,22087.1,110435.5,2025-10-20,Shipped,Debit Card
ORD0002032,CUS000244,PROD0024,5,3204.88,16024.4,2025-10-17,Cancelled,Credit Card
ORD0002033,CUS000950,PROD0076,3,27239.74,81719.22,2025-03-15,Shipped,UPI
ORD0002034,CUS000844,PROD0027,2,21018.86,42037.72,2024-10-06,Shipped,COD
ORD0002035,CUS000665,PROD0060,1,27862.37,27862.37,2024-08-21,Cancelled,COD
ORD0002036,CUS000086,PROD0189,3,23820.4,71461.2,2025-05-22,Pending,UPI
ORD0002037,CUS000920,PROD0069,4,17017.02,68068.08,2025-03-27,Pending,UPI
ORD0002038,CUS000641,PROD0167,1,4935.28,4935.28,2025-10-30,Delivered,UPI
ORD0002039,CUS000181,PROD0113,3,27365.04,82095.12,2026-05-30,Cancelled,Credit Card
ORD0002040,CUS000109,PROD0276,5,16610.56,83052.8,2024-09-15,Returned,UPI
ORD0002041,CUS000837,PROD0283,2,16845.28,33690.56,2025-12-28,Returned,Debit Card
ORD0002042,CUS000209,PROD0167,3,4935.28,14805.84,2026-03-12,Pending,Net Banking
ORD0002043,CUS000238,PROD0080,4,8257.43,33029.72,2025-09-03,Returned,UPI
ORD0002044,CUS000096,PROD0076,4,27239.74,108958.96,2025-06-19,Returned,Debit Card
ORD0002045,CUS000836,PROD0236,2,22192.54,44385.08,2025-08-22,Shipped,Debit Card
ORD0002046,CUS000966,PROD0292,4,925.26,3701.04,2025-01-03,Shipped,UPI
ORD0002047,CUS000167,PROD0011,3,2633.03,7899.09,2024-10-12,Shipped,Net Banking
ORD0002048,CUS000147,PROD0097,1,4727.95,4727.95,2025-08-22,Delivered,Net Banking
ORD0002049,CUS000931,PROD0126,4,1327.59,5310.36,2026-02-09,Returned,Credit Card
ORD0002050,CUS000745,PROD0270,2,22752.74,45505.48,2026-01-04,Delivered,COD
ORD0002051,CUS000394,PROD0052,4,22016.46,88065.84,2026-05-09,Delivered,Credit Card
ORD0002052,CUS000136,PROD0007,1,3975.62,3975.62,2025-05-21,Shipped,Credit Card
ORD0002053,CUS000962,PROD0138,2,22087.1,44174.2,2024-08-31,Pending,Credit Card
ORD0002054,CUS000556,PROD0005,1,2268.03,2268.03,2025-05-07,Cancelled,Credit Card
ORD0002055,CUS000492,PROD0104,2,18526.32,37052.64,2024-12-13,Pending,Net Banking
ORD0002056,CUS000340,PROD0084,3,19350.77,58052.31,2025-08-15,Returned,Debit Card
ORD0002057,CUS000557,PROD0125,1,10486.69,10486.69,2024-10-08,Cancelled,COD
ORD0002058,CUS000845,PROD0064,1,17603.07,17603.07,2025-04-02,Delivered,Credit Card
ORD0002059,CUS000106,PROD0279,3,4529.87,13589.61,2026-05-26,Pending,Net Banking
ORD0002060,CUS000935,PROD0073,1,29196.83,29196.83,2026-03-27,Shipped,Credit Card
ORD0002061,CUS000395,PROD0117,4,5878.8,23515.2,2025-02-19,Shipped,UPI
ORD0002062,CUS000944,PROD0147,2,15769.93,31539.86,2025-12-15,Returned,Credit Card
ORD0002063,CUS000113,PROD0252,2,20109.34,40218.68,2026-04-09,Shipped,Credit Card
ORD0002064,CUS000079,PROD0145,3,4547.08,13641.24,2025-11-15,Pending,UPI
ORD0002065,CUS000946,PROD0061,3,20623.81,61871.43,2024-09-26,Delivered,Credit Card
ORD0002066,CUS000439,PROD0078,2,29776.45,59552.9,2026-06-26,Pending,UPI
ORD0002067,CUS000154,PROD0093,4,4914.48,19657.92,2024-08-06,Cancelled,COD
ORD0002068,CUS000897,PROD0147,3,15769.93,47309.79,2025-08-17,Delivered,UPI
ORD0002069,CUS000956,PROD0256,3,4103.35,12310.05,2024-10-24,Cancelled,Credit Card
ORD0002070,CUS000797,PROD0002,2,6294.38,12588.76,2024-09-03,Shipped,UPI
ORD0002071,CUS000458,PROD0076,4,27239.74,108958.96,2025-12-20,Returned,Credit Card
ORD0002072,CUS000438,PROD0058,5,12136.03,60680.15,2025-04-12,Cancelled,Debit Card
ORD0002073,CUS000131,PROD0047,3,15946.88,47840.64,2025-06-26,Shipped,Net Banking
ORD0002074,CUS000507,PROD0181,3,14431.04,43293.12,2024-10-12,Returned,Net Banking
ORD0002075,CUS000813,PROD0212,5,6008.89,30044.45,2024-08-04,Cancelled,Debit Card
ORD0002076,CUS000429,PROD0126,4,1327.59,5310.36,2025-07-17,Pending,Net Banking
ORD0002077,CUS000505,PROD0276,5,16610.56,83052.8,2026-01-30,Pending,COD
ORD0002078,CUS000086,PROD0118,4,2406.91,9627.64,2025-09-17,Pending,Net Banking
ORD0002079,CUS000796,PROD0270,5,22752.74,113763.7,2025-07-26,Shipped,Credit Card
ORD0002080,CUS000003,PROD0121,3,1548.11,4644.33,2025-12-18,Shipped,Credit Card
ORD0002081,CUS000486,PROD0186,5,4912.6,24563.0,2024-10-13,Shipped,Credit Card
ORD0002082,CUS000370,PROD0031,3,19147.21,57441.63,2024-12-08,Shipped,UPI
ORD0002083,CUS000856,PROD0236,2,22192.54,44385.08,2024-11-18,Pending,Net Banking
ORD0002084,CUS000848,PROD0125,2,10486.69,20973.38,2025-10-04,Shipped,Credit Card
ORD0002085,CUS000986,PROD0071,1,17318.77,17318.77,2024-12-17,Shipped,Net Banking
ORD0002086,CUS000381,PROD0014,4,5120.49,20481.96,2025-05-11,Delivered,Credit Card
ORD0002087,CUS000489,PROD0298,1,10691.89,10691.89,2025-11-24,Pending,Debit Card
ORD0002088,CUS000375,PROD0016,2,20963.49,41926.98,2025-04-07,Shipped,Credit Card
ORD0002089,CUS000013,PROD0126,1,1327.59,1327.59,2026-06-06,Pending,Net Banking
ORD0002090,CUS000482,PROD0077,2,4876.09,9752.18,2026-05-06,Shipped,COD
ORD0002091,CUS000422,PROD0154,4,4668.27,18673.08,2025-07-28,Cancelled,Net Banking
ORD0002092,CUS000114,PROD0007,3,3975.62,11926.86,2026-02-08,Shipped,Credit Card
ORD0002093,CUS000770,PROD0017,5,24869.23,124346.15,2026-03-06,Shipped,COD
ORD0002094,CUS000406,PROD0083,1,7886.68,7886.68,2024-10-14,Returned,Net Banking
ORD0002095,CUS000942,PROD0284,3,850.17,2550.51,2026-02-19,Pending,COD
ORD0002096,CUS000434,PROD0157,2,19222.02,38444.04,2025-05-31,Shipped,UPI
ORD0002097,CUS000387,PROD0048,5,14248.87,71244.35,2025-12-09,Shipped,Debit Card
ORD0002098,CUS000058,PROD0206,5,5519.24,27596.2,2025-01-09,Shipped,Net Banking
ORD0002099,CUS000620,PROD0095,5,19160.18,95800.9,2025-10-19,Delivered,Net Banking
ORD0002100,CUS000669,PROD0245,3,14291.9,42875.7,2024-12-27,Returned,Net Banking
ORD0002101,CUS000823,PROD0085,1,8104.8,8104.8,2025-01-21,Cancelled,Net Banking
ORD0002102,CUS000112,PROD0100,3,645.8,1937.4,2024-08-13,Delivered,Credit Card
ORD0002103,CUS000798,PROD0186,5,4912.6,24563.0,2026-03-03,Cancelled,Credit Card
ORD0002104,CUS000167,PROD0123,3,19023.05,57069.15,2026-06-08,Pending,Credit Card
ORD0002105,CUS000612,PROD0034,2,7551.56,15103.12,2025-11-27,Delivered,UPI
ORD0002106,CUS000207,PROD0097,5,4727.95,23639.75,2025-11-24,Delivered,Debit Card
ORD0002107,CUS000584,PROD0138,1,22087.1,22087.1,2026-05-01,Pending,Credit Card
ORD0002108,CUS000047,PROD0289,4,3732.69,14930.76,2025-05-19,Delivered,UPI
ORD0002109,CUS000009,PROD0048,3,14248.87,42746.61,2024-08-10,Cancelled,UPI
ORD0002110,CUS000200,PROD0204,5,21550.07,107750.35,2025-02-27,Cancelled,Net Banking
ORD0002111,CUS000720,PROD0183,2,3387.59,6775.18,2024-10-13,Delivered,UPI
ORD0002112,CUS000104,PROD0209,5,3694.82,18474.1,2024-10-17,Pending,Debit Card
ORD0002113,CUS000816,PROD0013,5,27010.49,135052.45,2026-06-01,Returned,Net Banking
ORD0002114,CUS000166,PROD0020,3,11681.79,35045.37,2025-12-29,Shipped,Net Banking
ORD0002115,CUS000976,PROD0041,1,28709.32,28709.32,2026-05-03,Shipped,Debit Card
ORD0002116,CUS000987,PROD0073,2,29196.83,58393.66,2024-09-06,Pending,COD
ORD0002117,CUS000459,PROD0268,3,16541.04,49623.12,2026-01-07,Shipped,UPI
ORD0002118,CUS000639,PROD0149,3,8914.3,26742.9,2025-01-15,Returned,Credit Card
ORD0002119,CUS000214,PROD0199,2,3030.83,6061.66,2024-09-19,Pending,COD
ORD0002120,CUS000581,PROD0039,2,15050.85,30101.7,2026-07-15,Returned,Credit Card
ORD0002121,CUS000785,PROD0008,2,8452.48,16904.96,2026-04-01,Cancelled,COD
ORD0002122,CUS000097,PROD0045,4,1623.55,6494.2,2024-08-24,Returned,UPI
ORD0002123,CUS000166,PROD0087,3,287.57,862.71,2026-07-05,Delivered,UPI
ORD0002124,CUS000362,PROD0296,3,19646.87,58940.61,2024-09-29,Delivered,Credit Card
ORD0002125,CUS000265,PROD0092,4,17318.93,69275.72,2024-07-22,Returned,UPI
ORD0002126,CUS000963,PROD0227,2,15339.96,30679.92,2026-04-25,Delivered,COD
ORD0002127,CUS000373,PROD0250,1,21463.63,21463.63,2026-01-26,Cancelled,Net Banking
ORD0002128,CUS000940,PROD0210,5,13769.31,68846.55,2025-03-17,Shipped,Net Banking
ORD0002129,CUS000866,PROD0188,5,27262.79,136313.95,2025-01-15,Pending,UPI
ORD0002130,CUS000699,PROD0192,1,21885.35,21885.35,2026-06-18,Returned,COD
ORD0002131,CUS000899,PROD0231,3,18881.98,56645.94,2026-06-19,Delivered,COD
ORD0002132,CUS000717,PROD0030,2,21023.05,42046.1,2025-04-20,Pending,Credit Card
ORD0002133,CUS000298,PROD0080,1,8257.43,8257.43,2026-03-01,Returned,Debit Card
ORD0002134,CUS000875,PROD0292,4,925.26,3701.04,2025-06-16,Delivered,Debit Card
ORD0002135,CUS000686,PROD0199,4,3030.83,12123.32,2025-06-05,Delivered,UPI
ORD0002136,CUS000658,PROD0239,4,11826.87,47307.48,2025-08-23,Pending,Net Banking
ORD0002137,CUS000185,PROD0056,1,18196.44,18196.44,2026-05-08,Delivered,Net Banking
ORD0002138,CUS000412,PROD0222,2,28576.23,57152.46,2025-12-16,Cancelled,Credit Card
ORD0002139,CUS000619,PROD0163,3,1208.14,3624.42,2025-05-04,Returned,Debit Card
ORD0002140,CUS000286,PROD0244,1,26855.71,26855.71,2024-10-14,Returned,Credit Card
ORD0002141,CUS000972,PROD0280,2,21167.04,42334.08,2024-10-08,Returned,Debit Card
ORD0002142,CUS000582,PROD0110,3,9668.45,29005.35,2025-05-19,Delivered,COD
ORD0002143,CUS000959,PROD0195,1,14955.53,14955.53,2026-02-16,Cancelled,Net Banking
ORD0002144,CUS000056,PROD0243,2,23289.34,46578.68,2024-12-28,Shipped,Credit Card
ORD0002145,CUS000259,PROD0217,3,9089.29,27267.87,2024-09-13,Shipped,Credit Card
ORD0002146,CUS000281,PROD0073,1,29196.83,29196.83,2024-10-25,Returned,Credit Card
ORD0002147,CUS000893,PROD0153,4,22366.91,89467.64,2024-10-24,Returned,COD
ORD0002148,CUS000189,PROD0110,3,9668.45,29005.35,2026-02-01,Delivered,Credit Card
ORD0002149,CUS000987,PROD0220,3,11783.66,35350.98,2025-01-02,Cancelled,Debit Card
ORD0002150,CUS000965,PROD0102,3,17085.4,51256.2,2025-07-31,Returned,Net Banking
ORD0002151,CUS000706,PROD0244,5,26855.71,134278.55,2026-05-30,Shipped,Net Banking
ORD0002152,CUS000399,PROD0182,5,7731.99,38659.95,2025-04-04,Delivered,COD
ORD0002153,CUS000741,PROD0102,1,17085.4,17085.4,2025-03-07,Pending,COD
ORD0002154,CUS000681,PROD0075,3,14845.27,44535.81,2025-12-22,Cancelled,Credit Card
ORD0002155,CUS000957,PROD0078,4,29776.45,119105.8,2024-12-16,Shipped,Net Banking
ORD0002156,CUS000812,PROD0163,1,1208.14,1208.14,2026-03-23,Returned,UPI
ORD0002157,CUS000462,PROD0267,1,28287.72,28287.72,2025-01-15,Shipped,Net Banking
ORD0002158,CUS000038,PROD0297,1,20326.0,20326.0,2024-11-30,Shipped,Debit Card
ORD0002159,CUS000793,PROD0216,5,13262.39,66311.95,2026-06-28,Shipped,COD
ORD0002160,CUS000357,PROD0194,2,14512.53,29025.06,2024-12-06,Shipped,Debit Card
ORD0002161,CUS000380,PROD0296,1,19646.87,19646.87,2026-07-03,Cancelled,Credit Card
ORD0002162,CUS000515,PROD0155,3,3726.99,11180.97,2024-12-30,Delivered,Net Banking
ORD0002163,CUS000421,PROD0234,4,2160.75,8643.0,2026-05-06,Cancelled,UPI
ORD0002164,CUS000536,PROD0278,4,26328.94,105315.76,2025-10-05,Cancelled,Credit Card
ORD0002165,CUS000439,PROD0091,4,19804.62,79218.48,2025-05-07,Cancelled,Debit Card
ORD0002166,CUS000167,PROD0284,5,850.17,4250.85,2026-07-04,Pending,Net Banking
ORD0002167,CUS000866,PROD0196,3,18569.56,55708.68,2025-08-08,Returned,UPI
ORD0002168,CUS000826,PROD0051,1,18854.69,18854.69,2026-07-14,Delivered,Credit Card
ORD0002169,CUS000955,PROD0009,5,4590.72,22953.6,2025-12-11,Returned,Credit Card
ORD0002170,CUS000950,PROD0255,5,20426.43,102132.15,2025-06-12,Pending,Credit Card
ORD0002171,CUS000596,PROD0228,5,15438.52,77192.6,2024-08-23,Delivered,UPI
ORD0002172,CUS000229,PROD0216,2,13262.39,26524.78,2025-10-08,Returned,COD
ORD0002173,CUS000201,PROD0196,1,18569.56,18569.56,2025-02-27,Returned,Credit Card
ORD0002174,CUS000423,PROD0180,4,13182.95,52731.8,2026-05-30,Returned,Credit Card
ORD0002175,CUS000520,PROD0192,2,21885.35,43770.7,2025-07-30,Cancelled,UPI
ORD0002176,CUS000859,PROD0136,3,3861.56,11584.68,2025-07-19,Returned,Debit Card
ORD0002177,CUS000034,PROD0003,4,23611.22,94444.88,2025-01-28,Delivered,Credit Card
ORD0002178,CUS000861,PROD0079,3,18717.68,56153.04,2025-04-05,Pending,COD
ORD0002179,CUS000175,PROD0163,3,1208.14,3624.42,2025-02-06,Pending,Net Banking
ORD0002180,CUS000997,PROD0124,5,4369.61,21848.05,2025-12-29,Returned,Debit Card
ORD0002181,CUS000821,PROD0202,1,15240.25,15240.25,2024-08-10,Pending,Net Banking
ORD0002182,CUS000746,PROD0066,4,22792.97,91171.88,2026-04-08,Shipped,Net Banking
ORD0002183,CUS000163,PROD0163,5,1208.14,6040.7,2025-01-29,Returned,Debit Card
ORD0002184,CUS000517,PROD0051,2,18854.69,37709.38,2025-05-22,Delivered,COD
ORD0002185,CUS000858,PROD0201,3,1781.53,5344.59,2025-09-11,Pending,Debit Card
ORD0002186,CUS000096,PROD0166,2,24202.61,48405.22,2024-12-24,Delivered,Credit Card
ORD0002187,CUS000644,PROD0224,1,21673.4,21673.4,2025-09-02,Pending,Debit Card
ORD0002188,CUS000725,PROD0015,5,12156.3,60781.5,2025-02-05,Pending,Credit Card
ORD0002189,CUS000026,PROD0293,4,29184.94,116739.76,2026-06-13,Shipped,Net Banking
ORD0002190,CUS000246,PROD0184,2,5973.4,11946.8,2026-05-24,Shipped,UPI
ORD0002191,CUS000861,PROD0100,5,645.8,3229.0,2025-06-28,Shipped,Net Banking
ORD0002192,CUS000282,PROD0134,1,7315.92,7315.92,2024-11-27,Delivered,Debit Card
ORD0002193,CUS000888,PROD0012,5,9251.35,46256.75,2024-07-24,Delivered,Credit Card
ORD0002194,CUS000126,PROD0236,5,22192.54,110962.7,2026-04-28,Delivered,Debit Card
ORD0002195,CUS000917,PROD0145,3,4547.08,13641.24,2024-11-18,Shipped,Credit Card
ORD0002196,CUS000865,PROD0040,4,22078.27,88313.08,2025-10-05,Cancelled,Debit Card
ORD0002197,CUS000503,PROD0201,1,1781.53,1781.53,2025-10-14,Delivered,Net Banking
ORD0002198,CUS000983,PROD0038,4,20823.24,83292.96,2026-05-16,Delivered,Debit Card
ORD0002199,CUS000912,PROD0215,4,20383.4,81533.6,2024-11-13,Cancelled,Net Banking
ORD0002200,CUS000306,PROD0083,2,7886.68,15773.36,2026-02-08,Delivered,Debit Card
ORD0002201,CUS000876,PROD0291,5,2775.33,13876.65,2026-01-20,Delivered,Credit Card
ORD0002202,CUS000496,PROD0176,3,2591.32,7773.96,2024-10-11,Pending,COD
ORD0002203,CUS000163,PROD0280,1,21167.04,21167.04,2026-06-23,Pending,UPI
ORD0002204,CUS000621,PROD0063,2,27332.04,54664.08,2025-11-11,Delivered,COD
ORD0002205,CUS000525,PROD0012,5,9251.35,46256.75,2024-09-17,Shipped,Debit Card
ORD0002206,CUS000921,PROD0187,1,461.96,461.96,2025-05-17,Shipped,Credit Card
ORD0002207,CUS000226,PROD0168,2,22516.49,45032.98,2025-10-04,Delivered,Debit Card
ORD0002208,CUS000494,PROD0138,3,22087.1,66261.3,2025-03-26,Shipped,Credit Card
ORD0002209,CUS000668,PROD0179,5,17837.41,89187.05,2026-01-29,Cancelled,Net Banking
ORD0002210,CUS000525,PROD0254,4,21628.63,86514.52,2025-06-13,Returned,Debit Card
ORD0002211,CUS000203,PROD0129,2,25302.52,50605.04,2025-11-22,Cancelled,Net Banking
ORD0002212,CUS000813,PROD0053,5,5387.53,26937.65,2026-03-29,Pending,UPI
ORD0002213,CUS000977,PROD0085,2,8104.8,16209.6,2026-06-20,Returned,Net Banking
ORD0002214,CUS000611,PROD0229,4,30975.27,123901.08,2025-04-24,Cancelled,UPI
ORD0002215,CUS000393,PROD0056,5,18196.44,90982.2,2024-11-28,Returned,Debit Card
ORD0002216,CUS000383,PROD0291,3,2775.33,8325.99,2024-12-27,Delivered,Net Banking
ORD0002217,CUS000982,PROD0086,1,20746.71,20746.71,2024-12-12,Pending,UPI
ORD0002218,CUS000619,PROD0210,3,13769.31,41307.93,2024-09-25,Pending,UPI
ORD0002219,CUS000118,PROD0204,1,21550.07,21550.07,2024-07-31,Shipped,UPI
ORD0002220,CUS000367,PROD0220,2,11783.66,23567.32,2024-11-26,Shipped,Credit Card
ORD0002221,CUS000381,PROD0111,3,8296.4,24889.2,2025-07-04,Shipped,UPI
ORD0002222,CUS000327,PROD0063,1,27332.04,27332.04,2026-03-05,Delivered,UPI
ORD0002223,CUS000582,PROD0110,4,9668.45,38673.8,2025-06-21,Cancelled,Debit Card
ORD0002224,CUS000395,PROD0288,1,23947.4,23947.4,2024-08-09,Cancelled,COD
ORD0002225,CUS000223,PROD0109,5,13647.9,68239.5,2025-10-21,Delivered,COD
ORD0002226,CUS000969,PROD0143,5,12461.15,62305.75,2024-10-02,Delivered,COD
ORD0002227,CUS000326,PROD0216,4,13262.39,53049.56,2024-08-12,Cancelled,Debit Card
ORD0002228,CUS000822,PROD0101,1,27412.47,27412.47,2024-08-12,Returned,Net Banking
ORD0002229,CUS000432,PROD0024,3,3204.88,9614.64,2025-12-28,Delivered,Credit Card
ORD0002230,CUS000616,PROD0232,2,6867.92,13735.84,2026-03-05,Cancelled,COD
ORD0002231,CUS000591,PROD0197,2,23332.79,46665.58,2024-07-29,Delivered,UPI
ORD0002232,CUS000005,PROD0010,5,6905.88,34529.4,2025-09-11,Returned,UPI
ORD0002233,CUS000038,PROD0068,4,3786.23,15144.92,2024-08-07,Pending,COD
ORD0002234,CUS000661,PROD0021,3,14266.73,42800.19,2026-02-14,Delivered,Credit Card
ORD0002235,CUS000850,PROD0241,1,8718.93,8718.93,2025-04-17,Returned,UPI
ORD0002236,CUS000772,PROD0141,3,12146.56,36439.68,2024-10-26,Cancelled,Net Banking
ORD0002237,CUS000794,PROD0041,5,28709.32,143546.6,2024-11-22,Cancelled,Net Banking
ORD0002238,CUS000306,PROD0025,4,1741.22,6964.88,2025-09-27,Returned,Net Banking
ORD0002239,CUS000961,PROD0063,3,27332.04,81996.12,2025-08-22,Pending,Credit Card
ORD0002240,CUS000049,PROD0015,2,12156.3,24312.6,2025-08-22,Delivered,Debit Card
ORD0002241,CUS000883,PROD0054,3,5039.66,15118.98,2025-05-12,Returned,Debit Card
ORD0002242,CUS000196,PROD0088,1,1011.8,1011.8,2025-11-02,Cancelled,COD
ORD0002243,CUS000266,PROD0003,1,23611.22,23611.22,2025-01-13,Delivered,Credit Card
ORD0002244,CUS000077,PROD0025,3,1741.22,5223.66,2024-07-20,Cancelled,UPI
ORD0002245,CUS000716,PROD0195,3,14955.53,44866.59,2026-05-23,Shipped,Debit Card
ORD0002246,CUS000123,PROD0299,4,2120.1,8480.4,2024-09-30,Shipped,UPI
ORD0002247,CUS000910,PROD0076,5,27239.74,136198.7,2025-06-23,Returned,Net Banking
ORD0002248,CUS000541,PROD0063,5,27332.04,136660.2,2025-03-02,Shipped,COD
ORD0002249,CUS001000,PROD0245,4,14291.9,57167.6,2026-01-26,Cancelled,UPI
ORD0002250,CUS000095,PROD0248,2,9465.16,18930.32,2025-03-28,Cancelled,UPI
ORD0002251,CUS000572,PROD0043,3,657.14,1971.42,2024-11-23,Shipped,Debit Card
ORD0002252,CUS000996,PROD0040,1,22078.27,22078.27,2024-10-04,Returned,Credit Card
ORD0002253,CUS000687,PROD0109,1,13647.9,13647.9,2025-07-26,Shipped,Net Banking
ORD0002254,CUS000500,PROD0198,2,8780.24,17560.48,2025-10-28,Delivered,UPI
ORD0002255,CUS000780,PROD0107,5,4495.12,22475.6,2024-08-20,Pending,COD
ORD0002256,CUS000726,PROD0161,3,20929.14,62787.42,2024-11-20,Returned,Debit Card
ORD0002257,CUS000937,PROD0259,1,22176.14,22176.14,2025-03-13,Shipped,Debit Card
ORD0002258,CUS000999,PROD0187,4,461.96,1847.84,2025-04-28,Returned,COD
ORD0002259,CUS000799,PROD0263,2,17159.77,34319.54,2025-09-11,Returned,Debit Card
ORD0002260,CUS000434,PROD0036,3,22512.97,67538.91,2026-03-25,Shipped,UPI
ORD0002261,CUS000151,PROD0296,1,19646.87,19646.87,2026-05-21,Returned,Credit Card
ORD0002262,CUS000017,PROD0057,2,28387.91,56775.82,2026-03-05,Returned,Debit Card
ORD0002263,CUS000488,PROD0137,1,9043.25,9043.25,2025-05-19,Pending,Net Banking
ORD0002264,CUS000122,PROD0181,3,14431.04,43293.12,2024-09-15,Pending,Credit Card
ORD0002265,CUS000218,PROD0182,4,7731.99,30927.96,2026-05-02,Shipped,Net Banking
ORD0002266,CUS000521,PROD0258,4,24895.55,99582.2,2026-03-19,Cancelled,Credit Card
ORD0002267,CUS000379,PROD0226,3,24110.23,72330.69,2025-03-17,Delivered,Credit Card
ORD0002268,CUS000199,PROD0196,4,18569.56,74278.24,2025-01-05,Cancelled,Debit Card
ORD0002269,CUS000609,PROD0207,2,3398.25,6796.5,2026-06-10,Cancelled,COD
ORD0002270,CUS000444,PROD0253,5,19581.41,97907.05,2025-10-31,Delivered,Credit Card
ORD0002271,CUS000225,PROD0128,1,18818.64,18818.64,2024-12-29,Delivered,Credit Card
ORD0002272,CUS000273,PROD0019,5,9143.37,45716.85,2025-11-08,Shipped,Credit Card
ORD0002273,CUS000283,PROD0273,1,18387.16,18387.16,2025-06-02,Shipped,COD
ORD0002274,CUS000403,PROD0208,4,21080.49,84321.96,2024-08-17,Delivered,Debit Card
ORD0002275,CUS000211,PROD0138,4,22087.1,88348.4,2024-10-23,Shipped,Debit Card
ORD0002276,CUS000723,PROD0178,3,18913.86,56741.58,2024-08-31,Pending,UPI
ORD0002277,CUS000190,PROD0002,1,6294.38,6294.38,2024-10-04,Pending,COD
ORD0002278,CUS000874,PROD0245,3,14291.9,42875.7,2025-12-08,Shipped,Debit Card
ORD0002279,CUS000171,PROD0162,1,20722.55,20722.55,2025-10-01,Shipped,UPI
ORD0002280,CUS000986,PROD0234,2,2160.75,4321.5,2024-12-21,Delivered,Net Banking
ORD0002281,CUS000022,PROD0220,3,11783.66,35350.98,2025-05-24,Shipped,UPI
ORD0002282,CUS000696,PROD0040,2,22078.27,44156.54,2024-08-17,Delivered,COD
ORD0002283,CUS000598,PROD0181,4,14431.04,57724.16,2025-03-23,Delivered,Net Banking
ORD0002284,CUS000113,PROD0127,4,3683.3,14733.2,2026-01-06,Delivered,Credit Card
ORD0002285,CUS000856,PROD0291,3,2775.33,8325.99,2024-10-02,Shipped,COD
ORD0002286,CUS000774,PROD0258,2,24895.55,49791.1,2025-09-23,Shipped,Credit Card
ORD0002287,CUS000824,PROD0052,3,22016.46,66049.38,2025-09-06,Cancelled,Net Banking
ORD0002288,CUS000559,PROD0252,3,20109.34,60328.02,2025-06-16,Cancelled,Net Banking
ORD0002289,CUS000470,PROD0130,3,24503.36,73510.08,2026-02-28,Delivered,UPI
ORD0002290,CUS000913,PROD0155,3,3726.99,11180.97,2025-05-04,Pending,COD
ORD0002291,CUS000277,PROD0248,1,9465.16,9465.16,2025-11-30,Pending,Credit Card
ORD0002292,CUS000877,PROD0076,4,27239.74,108958.96,2025-03-22,Shipped,Debit Card
ORD0002293,CUS000032,PROD0183,4,3387.59,13550.36,2024-11-24,Shipped,COD
ORD0002294,CUS000212,PROD0221,3,25845.36,77536.08,2026-01-31,Delivered,Debit Card
ORD0002295,CUS000989,PROD0194,1,14512.53,14512.53,2026-01-03,Cancelled,COD
ORD0002296,CUS000180,PROD0231,5,18881.98,94409.9,2024-09-05,Cancelled,UPI
ORD0002297,CUS000604,PROD0170,4,25968.61,103874.44,2025-03-11,Returned,UPI
ORD0002298,CUS000043,PROD0159,2,725.56,1451.12,2026-03-24,Pending,COD
ORD0002299,CUS000126,PROD0176,5,2591.32,12956.6,2026-03-14,Returned,Net Banking
ORD0002300,CUS000296,PROD0291,3,2775.33,8325.99,2024-07-25,Delivered,Credit Card
ORD0002301,CUS000478,PROD0256,2,4103.35,8206.7,2026-01-08,Shipped,COD
ORD0002302,CUS000572,PROD0149,5,8914.3,44571.5,2026-01-18,Shipped,UPI
ORD0002303,CUS000067,PROD0250,3,21463.63,64390.89,2024-10-11,Cancelled,Credit Card
ORD0002304,CUS000223,PROD0233,1,25425.13,25425.13,2026-04-18,Cancelled,COD
ORD0002305,CUS000501,PROD0064,1,17603.07,17603.07,2025-08-14,Cancelled,Credit Card
ORD0002306,CUS000677,PROD0221,3,25845.36,77536.08,2025-11-14,Delivered,Credit Card
ORD0002307,CUS000359,PROD0129,2,25302.52,50605.04,2024-12-18,Cancelled,COD
ORD0002308,CUS000977,PROD0288,2,23947.4,47894.8,2025-04-18,Delivered,UPI
ORD0002309,CUS000443,PROD0074,2,17460.63,34921.26,2025-02-21,Pending,Credit Card
ORD0002310,CUS000033,PROD0149,2,8914.3,17828.6,2024-08-08,Returned,UPI
ORD0002311,CUS000433,PROD0128,4,18818.64,75274.56,2025-04-10,Returned,Credit Card
ORD0002312,CUS000612,PROD0134,3,7315.92,21947.76,2025-11-17,Cancelled,Debit Card
ORD0002313,CUS000696,PROD0289,4,3732.69,14930.76,2024-10-04,Cancelled,COD
ORD0002314,CUS000257,PROD0072,2,3833.13,7666.26,2025-09-22,Shipped,Net Banking
ORD0002315,CUS000309,PROD0284,2,850.17,1700.34,2026-06-10,Cancelled,Credit Card
ORD0002316,CUS000950,PROD0153,5,22366.91,111834.55,2025-03-03,Returned,COD
ORD0002317,CUS000802,PROD0094,4,25094.04,100376.16,2026-01-09,Returned,Credit Card
ORD0002318,CUS000453,PROD0071,5,17318.77,86593.85,2025-01-19,Cancelled,COD
ORD0002319,CUS000363,PROD0184,4,5973.4,23893.6,2025-01-29,Returned,Net Banking
ORD0002320,CUS000473,PROD0216,4,13262.39,53049.56,2025-09-02,Delivered,COD
ORD0002321,CUS000091,PROD0014,4,5120.49,20481.96,2024-08-03,Shipped,COD
ORD0002322,CUS000595,PROD0155,2,3726.99,7453.98,2024-10-01,Pending,UPI
ORD0002323,CUS000557,PROD0066,5,22792.97,113964.85,2026-05-24,Pending,UPI
ORD0002324,CUS000129,PROD0028,4,7728.93,30915.72,2026-05-03,Returned,Credit Card
ORD0002325,CUS000472,PROD0237,5,11947.6,59738.0,2025-05-06,Delivered,Credit Card
ORD0002326,CUS000850,PROD0029,3,11813.25,35439.75,2026-04-23,Delivered,UPI
ORD0002327,CUS000580,PROD0050,3,12696.79,38090.37,2025-01-09,Returned,UPI
ORD0002328,CUS000759,PROD0032,1,5297.14,5297.14,2024-07-21,Pending,COD
ORD0002329,CUS000529,PROD0028,2,7728.93,15457.86,2024-12-22,Shipped,COD
ORD0002330,CUS000229,PROD0254,2,21628.63,43257.26,2025-12-16,Shipped,UPI
ORD0002331,CUS000825,PROD0160,1,23337.95,23337.95,2025-08-13,Returned,COD
ORD0002332,CUS000069,PROD0103,1,22581.1,22581.1,2026-06-18,Delivered,Debit Card
ORD0002333,CUS000100,PROD0062,5,17541.43,87707.15,2024-08-17,Shipped,Debit Card
ORD0002334,CUS000026,PROD0054,4,5039.66,20158.64,2025-05-28,Pending,Net Banking
ORD0002335,CUS000949,PROD0201,1,1781.53,1781.53,2024-08-22,Delivered,UPI
ORD0002336,CUS000189,PROD0208,4,21080.49,84321.96,2026-07-13,Shipped,COD
ORD0002337,CUS000698,PROD0134,5,7315.92,36579.6,2025-12-11,Returned,COD
ORD0002338,CUS000150,PROD0064,4,17603.07,70412.28,2025-07-15,Delivered,Debit Card
ORD0002339,CUS000175,PROD0073,2,29196.83,58393.66,2025-11-02,Pending,COD
ORD0002340,CUS000492,PROD0103,4,22581.1,90324.4,2025-06-05,Cancelled,UPI
ORD0002341,CUS000505,PROD0052,5,22016.46,110082.3,2025-07-24,Cancelled,UPI
ORD0002342,CUS000715,PROD0201,4,1781.53,7126.12,2025-01-31,Delivered,Net Banking
ORD0002343,CUS000152,PROD0214,4,1270.68,5082.72,2026-03-14,Delivered,UPI
ORD0002344,CUS000578,PROD0235,1,25761.43,25761.43,2025-12-05,Returned,Credit Card
ORD0002345,CUS000035,PROD0298,3,10691.89,32075.67,2024-12-28,Pending,Net Banking
ORD0002346,CUS000986,PROD0022,3,23884.04,71652.12,2025-03-25,Shipped,Net Banking
ORD0002347,CUS000010,PROD0235,3,25761.43,77284.29,2024-09-18,Shipped,UPI
ORD0002348,CUS000216,PROD0257,5,19453.11,97265.55,2026-04-13,Cancelled,COD
ORD0002349,CUS000065,PROD0200,5,16144.1,80720.5,2025-01-29,Shipped,Debit Card
ORD0002350,CUS000348,PROD0181,5,14431.04,72155.2,2026-06-21,Returned,Debit Card
ORD0002351,CUS000946,PROD0143,3,12461.15,37383.45,2026-05-17,Returned,Credit Card
ORD0002352,CUS000986,PROD0248,4,9465.16,37860.64,2024-09-08,Returned,COD
ORD0002353,CUS000726,PROD0093,5,4914.48,24572.4,2025-06-18,Pending,COD
ORD0002354,CUS000715,PROD0133,2,15987.91,31975.82,2025-07-19,Cancelled,COD
ORD0002355,CUS000599,PROD0298,3,10691.89,32075.67,2026-03-10,Pending,Net Banking
ORD0002356,CUS000031,PROD0035,1,20306.63,20306.63,2025-05-27,Shipped,Debit Card
ORD0002357,CUS000512,PROD0050,1,12696.79,12696.79,2026-03-12,Returned,UPI
ORD0002358,CUS000108,PROD0119,2,3019.59,6039.18,2025-11-03,Shipped,Net Banking
ORD0002359,CUS000064,PROD0216,1,13262.39,13262.39,2026-06-05,Pending,UPI
ORD0002360,CUS000868,PROD0059,1,3837.92,3837.92,2025-10-11,Delivered,Net Banking
ORD0002361,CUS000647,PROD0192,5,21885.35,109426.75,2026-04-03,Delivered,Debit Card
ORD0002362,CUS000716,PROD0165,1,13221.55,13221.55,2024-07-19,Returned,Net Banking
ORD0002363,CUS000570,PROD0069,5,17017.02,85085.1,2025-07-10,Shipped,Debit Card
ORD0002364,CUS000449,PROD0130,4,24503.36,98013.44,2026-07-02,Cancelled,Debit Card
ORD0002365,CUS000445,PROD0104,2,18526.32,37052.64,2024-08-21,Pending,Debit Card
ORD0002366,CUS000025,PROD0045,5,1623.55,8117.75,2026-04-19,Delivered,Debit Card
ORD0002367,CUS000915,PROD0018,2,2139.17,4278.34,2024-10-07,Delivered,UPI
ORD0002368,CUS000560,PROD0209,5,3694.82,18474.1,2026-03-20,Delivered,UPI
ORD0002369,CUS000509,PROD0095,5,19160.18,95800.9,2025-03-12,Shipped,Debit Card
ORD0002370,CUS000513,PROD0293,4,29184.94,116739.76,2024-10-19,Cancelled,UPI
ORD0002371,CUS000821,PROD0287,2,9940.32,19880.64,2025-09-12,Delivered,Net Banking
ORD0002372,CUS000895,PROD0219,4,17649.86,70599.44,2025-01-20,Delivered,COD
ORD0002373,CUS000802,PROD0041,2,28709.32,57418.64,2025-10-26,Pending,UPI
ORD0002374,CUS000511,PROD0052,1,22016.46,22016.46,2025-02-20,Shipped,Credit Card
ORD0002375,CUS000024,PROD0277,3,28797.2,86391.6,2025-07-15,Shipped,UPI
ORD0002376,CUS000721,PROD0129,4,25302.52,101210.08,2025-06-25,Cancelled,Credit Card
ORD0002377,CUS000077,PROD0081,3,7798.27,23394.81,2026-01-22,Pending,COD
ORD0002378,CUS000955,PROD0124,5,4369.61,21848.05,2024-10-23,Pending,COD
ORD0002379,CUS000634,PROD0160,4,23337.95,93351.8,2026-07-06,Delivered,COD
ORD0002380,CUS000483,PROD0057,5,28387.91,141939.55,2026-06-04,Cancelled,Credit Card
ORD0002381,CUS000432,PROD0017,3,24869.23,74607.69,2025-06-17,Cancelled,Debit Card
ORD0002382,CUS000143,PROD0172,1,16145.14,16145.14,2025-02-16,Shipped,COD
ORD0002383,CUS000242,PROD0169,1,12925.7,12925.7,2026-03-15,Returned,Credit Card
ORD0002384,CUS000720,PROD0289,5,3732.69,18663.45,2025-10-24,Delivered,UPI
ORD0002385,CUS000613,PROD0037,4,2135.13,8540.52,2024-10-10,Pending,Credit Card
ORD0002386,CUS000970,PROD0283,4,16845.28,67381.12,2026-01-31,Shipped,UPI
ORD0002387,CUS000037,PROD0022,1,23884.04,23884.04,2026-05-12,Returned,COD
ORD0002388,CUS000442,PROD0116,3,17821.57,53464.71,2025-02-14,Returned,UPI
ORD0002389,CUS000954,PROD0117,1,5878.8,5878.8,2026-06-24,Delivered,Credit Card
ORD0002390,CUS000623,PROD0101,5,27412.47,137062.35,2026-01-19,Returned,Credit Card
ORD0002391,CUS000054,PROD0283,4,16845.28,67381.12,2026-02-19,Returned,Net Banking
ORD0002392,CUS000719,PROD0065,4,15462.81,61851.24,2026-05-12,Returned,COD
ORD0002393,CUS000449,PROD0071,1,17318.77,17318.77,2025-09-22,Delivered,COD
ORD0002394,CUS000199,PROD0189,3,23820.4,71461.2,2025-06-19,Cancelled,Net Banking
ORD0002395,CUS000238,PROD0030,2,21023.05,42046.1,2024-10-16,Delivered,COD
ORD0002396,CUS000423,PROD0006,2,6230.43,12460.86,2025-05-03,Pending,COD
ORD0002397,CUS000895,PROD0024,1,3204.88,3204.88,2026-02-01,Shipped,Credit Card
ORD0002398,CUS000130,PROD0040,1,22078.27,22078.27,2026-01-13,Returned,Debit Card
ORD0002399,CUS000322,PROD0145,1,4547.08,4547.08,2025-08-19,Cancelled,COD
ORD0002400,CUS000133,PROD0126,3,1327.59,3982.77,2025-11-30,Pending,Net Banking
ORD0002401,CUS000673,PROD0246,1,27644.6,27644.6,2024-12-06,Delivered,Credit Card
ORD0002402,CUS000211,PROD0129,5,25302.52,126512.6,2025-10-06,Returned,UPI
ORD0002403,CUS000731,PROD0113,4,27365.04,109460.16,2025-12-26,Cancelled,UPI
ORD0002404,CUS000890,PROD0283,3,16845.28,50535.84,2026-07-04,Shipped,COD
ORD0002405,CUS000715,PROD0137,3,9043.25,27129.75,2026-05-01,Pending,COD
ORD0002406,CUS000355,PROD0054,1,5039.66,5039.66,2024-11-12,Returned,COD
ORD0002407,CUS000081,PROD0249,3,18771.52,56314.56,2026-01-31,Shipped,Debit Card
ORD0002408,CUS000313,PROD0267,2,28287.72,56575.44,2025-12-27,Pending,Debit Card
ORD0002409,CUS000743,PROD0063,3,27332.04,81996.12,2024-10-23,Shipped,Credit Card
ORD0002410,CUS000666,PROD0121,4,1548.11,6192.44,2025-09-25,Returned,Credit Card
ORD0002411,CUS000857,PROD0011,4,2633.03,10532.12,2025-05-04,Delivered,UPI
ORD0002412,CUS000394,PROD0143,5,12461.15,62305.75,2025-10-08,Cancelled,Credit Card
ORD0002413,CUS000876,PROD0031,3,19147.21,57441.63,2025-01-04,Pending,Net Banking
ORD0002414,CUS000884,PROD0254,1,21628.63,21628.63,2025-03-06,Returned,Net Banking
ORD0002415,CUS000230,PROD0228,1,15438.52,15438.52,2025-02-18,Shipped,Net Banking
ORD0002416,CUS000546,PROD0095,4,19160.18,76640.72,2025-10-29,Delivered,UPI
ORD0002417,CUS000782,PROD0017,5,24869.23,124346.15,2025-08-20,Cancelled,Credit Card
ORD0002418,CUS000830,PROD0173,3,20973.73,62921.19,2026-05-05,Pending,Debit Card
ORD0002419,CUS000744,PROD0015,3,12156.3,36468.9,2025-03-29,Pending,Net Banking
ORD0002420,CUS000827,PROD0219,1,17649.86,17649.86,2025-06-27,Delivered,COD
ORD0002421,CUS000880,PROD0199,3,3030.83,9092.49,2026-02-09,Pending,Net Banking
ORD0002422,CUS000737,PROD0218,5,4350.83,21754.15,2025-10-10,Pending,COD
ORD0002423,CUS000984,PROD0134,2,7315.92,14631.84,2026-03-31,Returned,Net Banking
ORD0002424,CUS000930,PROD0122,2,20840.78,41681.56,2025-05-06,Delivered,UPI
ORD0002425,CUS000256,PROD0141,1,12146.56,12146.56,2025-12-10,Pending,UPI
ORD0002426,CUS000405,PROD0173,5,20973.73,104868.65,2024-09-16,Delivered,COD
ORD0002427,CUS000276,PROD0141,3,12146.56,36439.68,2026-01-12,Cancelled,COD
ORD0002428,CUS000315,PROD0007,1,3975.62,3975.62,2025-09-09,Pending,UPI
ORD0002429,CUS000455,PROD0136,2,3861.56,7723.12,2026-06-12,Returned,Credit Card
ORD0002430,CUS000478,PROD0226,1,24110.23,24110.23,2025-05-11,Delivered,UPI
ORD0002431,CUS000224,PROD0246,5,27644.6,138223.0,2025-07-06,Returned,Credit Card
ORD0002432,CUS000284,PROD0297,1,20326.0,20326.0,2025-02-06,Pending,COD
ORD0002433,CUS000452,PROD0161,1,20929.14,20929.14,2026-02-25,Shipped,UPI
ORD0002434,CUS000890,PROD0142,3,20884.67,62654.01,2026-04-12,Returned,Debit Card
ORD0002435,CUS000151,PROD0117,2,5878.8,11757.6,2025-12-03,Pending,Credit Card
ORD0002436,CUS000671,PROD0120,1,9445.17,9445.17,2025-05-07,Delivered,Debit Card
ORD0002437,CUS000594,PROD0260,4,6472.29,25889.16,2024-08-21,Cancelled,Credit Card
ORD0002438,CUS000063,PROD0284,2,850.17,1700.34,2026-03-06,Cancelled,UPI
ORD0002439,CUS000554,PROD0009,3,4590.72,13772.16,2025-06-15,Delivered,COD
ORD0002440,CUS000112,PROD0121,3,1548.11,4644.33,2025-08-22,Delivered,COD
ORD0002441,CUS000524,PROD0228,1,15438.52,15438.52,2024-10-30,Delivered,Debit Card
ORD0002442,CUS000585,PROD0105,3,15603.52,46810.56,2024-08-18,Cancelled,Net Banking
ORD0002443,CUS000897,PROD0037,4,2135.13,8540.52,2026-07-08,Cancelled,Debit Card
ORD0002444,CUS000622,PROD0013,3,27010.49,81031.47,2025-03-22,Cancelled,UPI
ORD0002445,CUS000482,PROD0209,3,3694.82,11084.46,2026-04-06,Cancelled,COD
ORD0002446,CUS000378,PROD0016,2,20963.49,41926.98,2026-07-09,Delivered,UPI
ORD0002447,CUS000027,PROD0077,5,4876.09,24380.45,2024-10-24,Delivered,COD
ORD0002448,CUS000524,PROD0109,3,13647.9,40943.7,2025-08-15,Pending,COD
ORD0002449,CUS000388,PROD0177,2,22167.8,44335.6,2025-11-29,Pending,Credit Card
ORD0002450,CUS000781,PROD0077,4,4876.09,19504.36,2026-02-05,Delivered,Credit Card
ORD0002451,CUS000516,PROD0115,5,7756.98,38784.9,2026-01-26,Pending,COD
ORD0002452,CUS000751,PROD0215,5,20383.4,101917.0,2025-03-19,Delivered,COD
ORD0002453,CUS000484,PROD0027,5,21018.86,105094.3,2024-08-02,Pending,COD
ORD0002454,CUS000276,PROD0226,3,24110.23,72330.69,2025-02-09,Shipped,COD
ORD0002455,CUS000337,PROD0151,2,22748.17,45496.34,2026-05-21,Shipped,UPI
ORD0002456,CUS000323,PROD0119,4,3019.59,12078.36,2024-07-28,Delivered,Debit Card
ORD0002457,CUS000371,PROD0228,4,15438.52,61754.08,2025-05-18,Delivered,UPI
ORD0002458,CUS000079,PROD0287,5,9940.32,49701.6,2025-12-23,Cancelled,Net Banking
ORD0002459,CUS000806,PROD0118,4,2406.91,9627.64,2025-07-20,Returned,Debit Card
ORD0002460,CUS000948,PROD0292,2,925.26,1850.52,2026-06-07,Pending,Debit Card
ORD0002461,CUS000682,PROD0209,5,3694.82,18474.1,2024-09-16,Shipped,COD
ORD0002462,CUS000350,PROD0134,3,7315.92,21947.76,2024-12-23,Cancelled,Credit Card
ORD0002463,CUS000432,PROD0042,4,11426.12,45704.48,2025-01-23,Pending,Debit Card
ORD0002464,CUS000648,PROD0295,4,9874.53,39498.12,2024-09-06,Shipped,Debit Card
ORD0002465,CUS000171,PROD0233,1,25425.13,25425.13,2025-03-22,Delivered,Net Banking
ORD0002466,CUS000729,PROD0135,5,2018.65,10093.25,2026-05-18,Returned,Credit Card
ORD0002467,CUS000854,PROD0065,1,15462.81,15462.81,2024-12-25,Returned,Credit Card
ORD0002468,CUS000136,PROD0086,1,20746.71,20746.71,2025-07-29,Pending,COD
ORD0002469,CUS000363,PROD0199,4,3030.83,12123.32,2024-10-07,Shipped,Net Banking
ORD0002470,CUS000730,PROD0286,2,25705.23,51410.46,2025-01-05,Cancelled,Credit Card
ORD0002471,CUS000606,PROD0173,3,20973.73,62921.19,2026-07-04,Pending,COD
ORD0002472,CUS000076,PROD0056,1,18196.44,18196.44,2026-05-25,Cancelled,Net Banking
ORD0002473,CUS000759,PROD0210,4,13769.31,55077.24,2024-11-21,Returned,UPI
ORD0002474,CUS000752,PROD0245,2,14291.9,28583.8,2025-02-17,Shipped,COD
ORD0002475,CUS000156,PROD0261,1,11939.42,11939.42,2025-01-07,Delivered,COD
ORD0002476,CUS000389,PROD0190,4,7813.72,31254.88,2024-08-25,Cancelled,Net Banking
ORD0002477,CUS000740,PROD0091,5,19804.62,99023.1,2025-09-07,Pending,UPI
ORD0002478,CUS000305,PROD0050,2,12696.79,25393.58,2025-12-20,Returned,UPI
ORD0002479,CUS000531,PROD0025,5,1741.22,8706.1,2025-03-13,Pending,COD
ORD0002480,CUS000293,PROD0261,4,11939.42,47757.68,2026-07-13,Cancelled,Net Banking
ORD0002481,CUS000977,PROD0164,2,13223.15,26446.3,2026-01-25,Shipped,Credit Card
ORD0002482,CUS000532,PROD0108,4,15768.38,63073.52,2026-05-31,Cancelled,COD
ORD0002483,CUS000356,PROD0161,1,20929.14,20929.14,2025-01-15,Cancelled,Debit Card
ORD0002484,CUS000281,PROD0061,3,20623.81,61871.43,2025-01-15,Returned,Net Banking
ORD0002485,CUS000296,PROD0115,2,7756.98,15513.96,2024-10-26,Cancelled,COD
ORD0002486,CUS000683,PROD0055,2,24824.0,49648.0,2024-09-19,Cancelled,Debit Card
ORD0002487,CUS000566,PROD0050,2,12696.79,25393.58,2025-12-06,Pending,Debit Card
ORD0002488,CUS000925,PROD0015,5,12156.3,60781.5,2025-07-26,Delivered,COD
ORD0002489,CUS000007,PROD0276,2,16610.56,33221.12,2025-05-13,Returned,Credit Card
ORD0002490,CUS000289,PROD0190,2,7813.72,15627.44,2024-12-01,Pending,Net Banking
ORD0002491,CUS000130,PROD0228,5,15438.52,77192.6,2025-05-22,Returned,UPI
ORD0002492,CUS000456,PROD0057,1,28387.91,28387.91,2025-08-29,Returned,Net Banking
ORD0002493,CUS000886,PROD0135,1,2018.65,2018.65,2025-01-04,Shipped,UPI
ORD0002494,CUS000823,PROD0060,3,27862.37,83587.11,2024-09-07,Delivered,Debit Card
ORD0002495,CUS000161,PROD0039,3,15050.85,45152.55,2026-04-23,Pending,UPI
ORD0002496,CUS000646,PROD0142,4,20884.67,83538.68,2025-04-02,Pending,Credit Card
ORD0002497,CUS000444,PROD0162,1,20722.55,20722.55,2025-08-02,Delivered,COD
ORD0002498,CUS000862,PROD0163,2,1208.14,2416.28,2024-09-18,Pending,Credit Card
ORD0002499,CUS000141,PROD0005,2,2268.03,4536.06,2025-05-01,Pending,Net Banking
ORD0002500,CUS000272,PROD0113,2,27365.04,54730.08,2025-11-21,Returned,Debit Card
ORD0002501,CUS000752,PROD0249,2,18771.52,37543.04,2025-06-30,Returned,UPI
ORD0002502,CUS000651,PROD0068,2,3786.23,7572.46,2025-01-17,Delivered,COD
ORD0002503,CUS000445,PROD0110,1,9668.45,9668.45,2025-12-22,Delivered,Net Banking
ORD0002504,CUS000214,PROD0286,5,25705.23,128526.15,2025-11-01,Shipped,Credit Card
ORD0002505,CUS000629,PROD0215,3,20383.4,61150.2,2026-02-12,Returned,COD
ORD0002506,CUS000496,PROD0121,3,1548.11,4644.33,2026-04-10,Pending,Debit Card
ORD0002507,CUS000897,PROD0154,2,4668.27,9336.54,2026-02-08,Cancelled,Net Banking
ORD0002508,CUS000613,PROD0251,4,15530.24,62120.96,2025-12-14,Cancelled,COD
ORD0002509,CUS000099,PROD0247,3,19853.05,59559.15,2025-01-22,Shipped,Credit Card
ORD0002510,CUS000993,PROD0148,4,21363.56,85454.24,2025-03-04,Returned,UPI
ORD0002511,CUS000119,PROD0127,4,3683.3,14733.2,2025-10-28,Shipped,Net Banking
ORD0002512,CUS000356,PROD0164,1,13223.15,13223.15,2025-05-10,Returned,Debit Card
ORD0002513,CUS000616,PROD0248,4,9465.16,37860.64,2026-02-24,Returned,Debit Card
ORD0002514,CUS000275,PROD0015,3,12156.3,36468.9,2025-01-25,Pending,Debit Card
ORD0002515,CUS000576,PROD0210,1,13769.31,13769.31,2024-10-05,Cancelled,UPI
ORD0002516,CUS000401,PROD0163,4,1208.14,4832.56,2025-12-31,Returned,Net Banking
ORD0002517,CUS000935,PROD0205,3,19933.23,59799.69,2024-07-17,Delivered,UPI
ORD0002518,CUS000348,PROD0249,2,18771.52,37543.04,2024-09-25,Delivered,UPI
ORD0002519,CUS000227,PROD0230,4,15816.36,63265.44,2025-12-14,Pending,Debit Card
ORD0002520,CUS000799,PROD0275,2,10343.7,20687.4,2026-04-27,Delivered,COD
ORD0002521,CUS000620,PROD0169,2,12925.7,25851.4,2024-11-13,Pending,Credit Card
ORD0002522,CUS000093,PROD0011,4,2633.03,10532.12,2025-10-31,Cancelled,UPI
ORD0002523,CUS000671,PROD0284,1,850.17,850.17,2025-11-01,Delivered,COD
ORD0002524,CUS000549,PROD0108,3,15768.38,47305.14,2026-05-30,Shipped,Debit Card
ORD0002525,CUS000881,PROD0275,4,10343.7,41374.8,2025-04-10,Shipped,UPI
ORD0002526,CUS000340,PROD0083,3,7886.68,23660.04,2025-01-30,Returned,Debit Card
ORD0002527,CUS000963,PROD0284,2,850.17,1700.34,2025-10-23,Delivered,Credit Card
ORD0002528,CUS000105,PROD0011,5,2633.03,13165.15,2024-08-26,Pending,Net Banking
ORD0002529,CUS000161,PROD0249,1,18771.52,18771.52,2024-11-28,Cancelled,UPI
ORD0002530,CUS000647,PROD0013,2,27010.49,54020.98,2026-07-11,Shipped,Credit Card
ORD0002531,CUS000833,PROD0140,1,15058.73,15058.73,2025-09-28,Returned,Net Banking
ORD0002532,CUS000883,PROD0068,3,3786.23,11358.69,2025-09-14,Delivered,Credit Card
ORD0002533,CUS000740,PROD0038,5,20823.24,104116.2,2026-01-24,Returned,Credit Card
ORD0002534,CUS000620,PROD0008,5,8452.48,42262.4,2025-01-12,Shipped,Credit Card
ORD0002535,CUS000852,PROD0201,2,1781.53,3563.06,2024-08-05,Pending,UPI
ORD0002536,CUS000525,PROD0166,4,24202.61,96810.44,2025-03-15,Delivered,UPI
ORD0002537,CUS000208,PROD0141,4,12146.56,48586.24,2026-02-09,Delivered,UPI
ORD0002538,CUS000386,PROD0296,4,19646.87,78587.48,2025-09-06,Cancelled,Net Banking
ORD0002539,CUS000991,PROD0048,2,14248.87,28497.74,2026-03-09,Returned,COD
ORD0002540,CUS000292,PROD0143,4,12461.15,49844.6,2024-11-15,Pending,COD
ORD0002541,CUS000018,PROD0126,4,1327.59,5310.36,2026-06-08,Returned,Net Banking
ORD0002542,CUS000732,PROD0191,5,24402.53,122012.65,2025-04-03,Delivered,Net Banking
ORD0002543,CUS000999,PROD0115,5,7756.98,38784.9,2026-06-03,Delivered,Net Banking
ORD0002544,CUS000379,PROD0119,4,3019.59,12078.36,2025-06-11,Returned,COD
ORD0002545,CUS000341,PROD0056,3,18196.44,54589.32,2025-12-26,Shipped,Credit Card
ORD0002546,CUS000174,PROD0049,5,2794.43,13972.15,2025-06-05,Shipped,Net Banking
ORD0002547,CUS000145,PROD0128,1,18818.64,18818.64,2024-09-08,Returned,COD
ORD0002548,CUS000741,PROD0243,5,23289.34,116446.7,2025-08-28,Pending,Debit Card
ORD0002549,CUS000259,PROD0031,4,19147.21,76588.84,2024-10-04,Returned,UPI
ORD0002550,CUS000038,PROD0173,2,20973.73,41947.46,2025-04-05,Cancelled,COD
ORD0002551,CUS000275,PROD0209,1,3694.82,3694.82,2026-01-14,Shipped,COD
ORD0002552,CUS000512,PROD0251,5,15530.24,77651.2,2024-10-17,Cancelled,Debit Card
ORD0002553,CUS000726,PROD0165,4,13221.55,52886.2,2024-10-30,Returned,COD
ORD0002554,CUS000944,PROD0285,1,22879.66,22879.66,2025-12-22,Delivered,Net Banking
ORD0002555,CUS000131,PROD0040,4,22078.27,88313.08,2025-07-16,Delivered,Debit Card
ORD0002556,CUS000171,PROD0267,1,28287.72,28287.72,2025-10-10,Shipped,Net Banking
ORD0002557,CUS000907,PROD0059,1,3837.92,3837.92,2025-11-20,Returned,Net Banking
ORD0002558,CUS000499,PROD0088,5,1011.8,5059.0,2024-12-16,Shipped,COD
ORD0002559,CUS000010,PROD0215,4,20383.4,81533.6,2025-03-19,Cancelled,Credit Card
ORD0002560,CUS000738,PROD0223,3,10238.57,30715.71,2024-11-23,Cancelled,COD
ORD0002561,CUS000911,PROD0166,5,24202.61,121013.05,2024-11-12,Cancelled,COD
ORD0002562,CUS000298,PROD0085,2,8104.8,16209.6,2024-08-14,Pending,Debit Card
ORD0002563,CUS000620,PROD0191,5,24402.53,122012.65,2026-07-08,Cancelled,Net Banking
ORD0002564,CUS000959,PROD0237,2,11947.6,23895.2,2025-11-26,Cancelled,Debit Card
ORD0002565,CUS000733,PROD0085,5,8104.8,40524.0,2024-12-08,Returned,Credit Card
ORD0002566,CUS000184,PROD0163,4,1208.14,4832.56,2025-07-23,Shipped,Net Banking
ORD0002567,CUS000320,PROD0035,1,20306.63,20306.63,2026-04-08,Shipped,Debit Card
ORD0002568,CUS000470,PROD0049,5,2794.43,13972.15,2025-10-14,Cancelled,Credit Card
ORD0002569,CUS000480,PROD0032,5,5297.14,26485.7,2026-05-19,Pending,Debit Card
ORD0002570,CUS000652,PROD0035,3,20306.63,60919.89,2024-12-21,Pending,Debit Card
ORD0002571,CUS000951,PROD0177,1,22167.8,22167.8,2024-11-06,Shipped,UPI
ORD0002572,CUS000599,PROD0146,4,16680.85,66723.4,2025-05-19,Cancelled,UPI
ORD0002573,CUS000575,PROD0207,3,3398.25,10194.75,2025-05-28,Pending,Debit Card
ORD0002574,CUS000157,PROD0040,5,22078.27,110391.35,2024-10-31,Delivered,Debit Card
ORD0002575,CUS000270,PROD0144,2,11328.92,22657.84,2024-12-02,Pending,Credit Card
ORD0002576,CUS000602,PROD0065,5,15462.81,77314.05,2026-02-01,Returned,UPI
ORD0002577,CUS000620,PROD0295,5,9874.53,49372.65,2025-09-10,Cancelled,COD
ORD0002578,CUS000173,PROD0243,2,23289.34,46578.68,2025-04-07,Delivered,Debit Card
ORD0002579,CUS000952,PROD0111,1,8296.4,8296.4,2025-03-19,Pending,Debit Card
ORD0002580,CUS000487,PROD0074,2,17460.63,34921.26,2024-10-31,Delivered,UPI
ORD0002581,CUS000141,PROD0040,1,22078.27,22078.27,2026-01-17,Pending,Net Banking
ORD0002582,CUS000335,PROD0218,4,4350.83,17403.32,2024-10-08,Cancelled,COD
ORD0002583,CUS000574,PROD0061,2,20623.81,41247.62,2026-05-27,Returned,Net Banking
ORD0002584,CUS000364,PROD0198,4,8780.24,35120.96,2025-01-14,Cancelled,COD
ORD0002585,CUS000081,PROD0163,5,1208.14,6040.7,2024-07-29,Pending,Debit Card
ORD0002586,CUS000729,PROD0086,3,20746.71,62240.13,2025-11-17,Shipped,Net Banking
ORD0002587,CUS000502,PROD0287,4,9940.32,39761.28,2025-02-24,Cancelled,Credit Card
ORD0002588,CUS000668,PROD0286,4,25705.23,102820.92,2025-12-06,Cancelled,Debit Card
ORD0002589,CUS000876,PROD0013,3,27010.49,81031.47,2024-09-08,Returned,UPI
ORD0002590,CUS000632,PROD0218,2,4350.83,8701.66,2024-12-18,Pending,Debit Card
ORD0002591,CUS000184,PROD0196,3,18569.56,55708.68,2026-07-10,Delivered,Debit Card
ORD0002592,CUS000539,PROD0227,3,15339.96,46019.88,2026-02-21,Shipped,Credit Card
ORD0002593,CUS000097,PROD0159,3,725.56,2176.68,2024-08-10,Cancelled,UPI
ORD0002594,CUS000622,PROD0258,1,24895.55,24895.55,2026-05-30,Cancelled,Credit Card
ORD0002595,CUS000408,PROD0141,4,12146.56,48586.24,2025-12-13,Delivered,UPI
ORD0002596,CUS000995,PROD0141,1,12146.56,12146.56,2025-03-21,Pending,Credit Card
ORD0002597,CUS000648,PROD0242,5,29783.31,148916.55,2024-09-22,Returned,Net Banking
ORD0002598,CUS000768,PROD0089,4,10080.21,40320.84,2024-10-28,Pending,Credit Card
ORD0002599,CUS000030,PROD0020,3,11681.79,35045.37,2026-03-09,Pending,Debit Card
ORD0002600,CUS000085,PROD0091,2,19804.62,39609.24,2026-01-30,Returned,Credit Card
ORD0002601,CUS000653,PROD0029,4,11813.25,47253.0,2025-05-07,Delivered,UPI
ORD0002602,CUS000285,PROD0050,5,12696.79,63483.95,2025-06-16,Shipped,COD
ORD0002603,CUS000858,PROD0009,3,4590.72,13772.16,2025-01-30,Cancelled,Debit Card
ORD0002604,CUS000015,PROD0188,5,27262.79,136313.95,2024-10-12,Returned,Net Banking
ORD0002605,CUS000198,PROD0032,1,5297.14,5297.14,2026-06-16,Pending,Debit Card
ORD0002606,CUS000177,PROD0137,1,9043.25,9043.25,2026-01-08,Returned,Credit Card
ORD0002607,CUS000204,PROD0142,5,20884.67,104423.35,2025-01-01,Pending,Net Banking
ORD0002608,CUS000319,PROD0089,1,10080.21,10080.21,2025-09-16,Cancelled,COD
ORD0002609,CUS000350,PROD0180,1,13182.95,13182.95,2025-01-24,Returned,COD
ORD0002610,CUS000953,PROD0045,5,1623.55,8117.75,2025-06-08,Returned,Credit Card
ORD0002611,CUS000187,PROD0060,1,27862.37,27862.37,2024-11-13,Delivered,Debit Card
ORD0002612,CUS000642,PROD0163,5,1208.14,6040.7,2024-11-05,Delivered,Debit Card
ORD0002613,CUS000654,PROD0006,2,6230.43,12460.86,2025-10-05,Cancelled,Net Banking
ORD0002614,CUS000316,PROD0042,2,11426.12,22852.24,2026-06-03,Shipped,Debit Card
ORD0002615,CUS000389,PROD0159,1,725.56,725.56,2024-12-03,Cancelled,Debit Card
ORD0002616,CUS000579,PROD0143,2,12461.15,24922.3,2024-10-20,Cancelled,Net Banking
ORD0002617,CUS000280,PROD0116,2,17821.57,35643.14,2026-07-09,Shipped,Debit Card
ORD0002618,CUS000715,PROD0152,3,26147.24,78441.72,2025-12-29,Returned,UPI
ORD0002619,CUS000364,PROD0048,4,14248.87,56995.48,2026-02-07,Pending,UPI
ORD0002620,CUS000461,PROD0179,5,17837.41,89187.05,2024-09-22,Shipped,Credit Card
ORD0002621,CUS000160,PROD0300,4,6717.61,26870.44,2025-09-20,Pending,COD
ORD0002622,CUS000356,PROD0108,4,15768.38,63073.52,2025-11-07,Cancelled,Debit Card
ORD0002623,CUS000565,PROD0176,5,2591.32,12956.6,2024-07-20,Cancelled,Credit Card
ORD0002624,CUS000265,PROD0263,2,17159.77,34319.54,2024-10-25,Shipped,Net Banking
ORD0002625,CUS000945,PROD0134,1,7315.92,7315.92,2025-07-30,Delivered,COD
