payment_id,order_id,card_number,cvv,amount,payment_date,payment_status
PAY0005251,ORD0005251,4186540624635,820,18390.12,2025-06-12,Success
PAY0005252,ORD0005252,577853876826,11,24380.45,2025-08-09,Success
PAY0005253,ORD0005253,213163008601832,984,38020.86,2024-10-21,Failed
PAY0005254,ORD0005254,4973483754740598,144,68258.22,2026-04-13,Failed
PAY0005255,ORD0005255,675913510631,444,51522.86,2024-11-28,Refunded
PAY0005256,ORD0005256,3507604712311175,901,104035.6,2025-04-29,Failed
PAY0005257,ORD0005257,4955878995009467,632,13145.19,2026-04-06,Refunded
PAY0005258,ORD0005258,3597706450894113,253,45446.45,2025-04-22,Failed
PAY0005259,ORD0005259,502064267011,215,8780.24,2025-06-12,Success
PAY0005260,ORD0005260,4915632765025,627,3563.06,2026-01-23,Refunded
PAY0005261,ORD0005261,4377512826049,525,5696.26,2025-02-25,Failed
PAY0005262,ORD0005262,2227976610623567,7353,70165.72,2025-01-24,Failed
PAY0005263,ORD0005263,60459989921,9853,1937.4,2024-12-24,Failed
PAY0005264,ORD0005264,213101326681532,3,24676.4,2026-06-26,Refunded
PAY0005265,ORD0005265,4622966258463613,430,80725.7,2025-12-24,Failed
PAY0005266,ORD0005266,6574397363106397,3008,22852.24,2025-04-06,Success
PAY0005267,ORD0005267,4704779678758418,382,44733.82,2024-10-23,Refunded
PAY0005268,ORD0005268,180059153521537,632,18474.1,2025-05-15,Refunded
PAY0005269,ORD0005269,4271649508797571660,503,16514.86,2026-06-11,Refunded
PAY0005270,ORD0005270,349601604629936,563,4536.06,2024-12-12,Success
PAY0005271,ORD0005271,4913515276799892,565,27471.68,2025-05-29,Failed
PAY0005272,ORD0005272,30102815004328,108,59210.8,2024-08-15,Refunded
PAY0005273,ORD0005273,503860903775,744,41946.76,2025-01-29,Failed
PAY0005274,ORD0005274,4783358102250229928,554,71652.12,2026-04-13,Refunded
PAY0005275,ORD0005275,4312323984000,896,116566.7,2026-07-16,Refunded
PAY0005276,ORD0005276,4253557436964451,715,72330.69,2026-01-30,Failed
PAY0005277,ORD0005277,4230252903251586,948,41946.76,2024-09-22,Success
PAY0005278,ORD0005278,3527171314269058,171,42334.08,2025-08-26,Refunded
PAY0005279,ORD0005279,3530773067206446,11,27471.68,2024-11-20,Success
PAY0005280,ORD0005280,30353954218175,556,83538.68,2025-12-01,Failed
PAY0005281,ORD0005281,6581366136348082,768,45585.94,2026-05-08,Success
PAY0005282,ORD0005282,372958947863469,396,13593.0,2024-12-11,Refunded
PAY0005283,ORD0005283,3529066928015392,623,11084.46,2026-01-16,Success
PAY0005284,ORD0005284,342204531504152,761,122012.65,2026-01-24,Failed
PAY0005285,ORD0005285,2267335433731654,441,45422.42,2024-07-19,Success
PAY0005286,ORD0005286,180062553089477,713,99320.45,2025-09-11,Refunded
PAY0005287,ORD0005287,30125110757290,441,32419.2,2026-07-15,Success
PAY0005288,ORD0005288,3510901665535809,803,24921.72,2024-09-28,Refunded
PAY0005289,ORD0005289,30038042736128,317,127125.65,2026-05-16,Success
PAY0005290,ORD0005290,4799055179819,3052,14183.85,2025-01-10,Failed
PAY0005291,ORD0005291,6011298788807646,807,41287.15,2026-07-04,Failed
PAY0005292,ORD0005292,4814097112577,665,7366.6,2024-12-23,Success
PAY0005293,ORD0005293,4654578971470980,500,99666.15,2025-10-30,Refunded
PAY0005294,ORD0005294,4832128601611456827,992,94409.9,2025-11-04,Failed
PAY0005295,ORD0005295,4542401751251684,94,11926.86,2025-10-12,Success
PAY0005296,ORD0005296,3549777659388248,527,45487.72,2025-07-05,Refunded
PAY0005297,ORD0005297,5595670463926147,418,3683.3,2024-07-28,Failed
PAY0005298,ORD0005298,3575896415833995,196,36451.24,2024-10-14,Success
PAY0005299,ORD0005299,4710572903472530289,8146,16514.86,2026-05-30,Failed
PAY0005300,ORD0005300,3568128644028414,211,23611.22,2026-07-10,Failed
PAY0005301,ORD0005301,213129449586700,881,47307.48,2026-05-23,Refunded
PAY0005302,ORD0005302,376088296754139,675,38444.04,2024-09-21,Failed
PAY0005303,ORD0005303,3528037124595900,95,3732.69,2026-02-22,Refunded
PAY0005304,ORD0005304,675925349218,765,9181.44,2025-08-30,Failed
PAY0005305,ORD0005305,3519354505809532,791,26443.1,2025-11-20,Refunded
PAY0005306,ORD0005306,3582498788938658,826,3786.23,2024-12-18,Refunded
PAY0005307,ORD0005307,575626886049,734,30715.71,2025-04-23,Refunded
PAY0005308,ORD0005308,4449887814178839350,314,42227.56,2025-07-14,Refunded
PAY0005309,ORD0005309,3566417819698362,636,29776.45,2026-04-01,Success
PAY0005310,ORD0005310,6588463545984319,297,41947.46,2026-05-19,Failed
PAY0005311,ORD0005311,4756007322793384,710,70599.44,2025-04-05,Failed
PAY0005312,ORD0005312,3545293663095039,913,36579.6,2025-11-07,Refunded
PAY0005313,ORD0005313,676297042795,600,77314.05,2024-08-28,Success
PAY0005314,ORD0005314,342154023872866,408,31254.88,2024-09-28,Success
PAY0005315,ORD0005315,3538899821171543,978,1136.4,2025-11-19,Success
PAY0005316,ORD0005316,502084241665,896,25177.52,2025-09-16,Refunded
PAY0005317,ORD0005317,38936912907921,476,110082.3,2026-06-17,Success
PAY0005318,ORD0005318,4516412900871,591,55289.2,2024-12-29,Refunded
PAY0005319,ORD0005319,4806488780924013984,917,1451.12,2025-11-15,Failed
PAY0005320,ORD0005320,3598302159224569,4262,19088.27,2025-09-29,Refunded
PAY0005321,ORD0005321,6011049092490730,2007,17821.57,2025-12-30,Refunded
PAY0005322,ORD0005322,213144311839103,91,82890.2,2026-03-01,Refunded
PAY0005323,ORD0005323,5146651971875228,233,81705.72,2025-01-17,Failed
PAY0005324,ORD0005324,4409306031592306,486,83292.96,2025-09-29,Failed
PAY0005325,ORD0005325,3597892076548935,852,71286.28,2024-11-26,Failed
PAY0005326,ORD0005326,4453738988067772,971,6409.76,2026-05-30,Refunded
PAY0005327,ORD0005327,371556239265319,930,10600.5,2025-07-07,Refunded
PAY0005328,ORD0005328,213179484117887,855,85427.0,2024-10-23,Failed
PAY0005329,ORD0005329,30513823434358,405,22192.54,2025-07-16,Failed
PAY0005330,ORD0005330,180009378915899,518,68244.51,2025-09-13,Success
PAY0005331,ORD0005331,6541999415989512,60,95052.15,2025-12-02,Refunded
PAY0005332,ORD0005332,4988915831558,493,25845.36,2025-03-08,Failed
PAY0005333,ORD0005333,213102163568105,760,45585.94,2025-08-07,Success
PAY0005334,ORD0005334,4846900617359006,8299,34875.72,2025-05-14,Refunded
PAY0005335,ORD0005335,38855840986742,964,8540.52,2025-02-25,Failed
PAY0005336,ORD0005336,676222245141,194,3387.59,2025-10-08,Refunded
PAY0005337,ORD0005337,3503898385270999,42,83052.8,2024-10-20,Refunded
PAY0005338,ORD0005338,36967406613339,77,57724.16,2024-11-11,Failed
PAY0005339,ORD0005339,4469788298124101214,915,104116.2,2025-10-01,Refunded
PAY0005340,ORD0005340,4279571764014,222,17382.12,2025-02-05,Refunded
PAY0005341,ORD0005341,180009131734728,354,8383.29,2026-01-24,Success
PAY0005342,ORD0005342,3523493202309851,697,3399.2,2026-06-05,Refunded
PAY0005343,ORD0005343,372318204640649,137,111449.48,2026-06-28,Failed
PAY0005344,ORD0005344,502005899856,80,6294.38,2024-11-17,Refunded
PAY0005345,ORD0005345,2258701890715426,121,1327.59,2025-04-07,Success
PAY0005346,ORD0005346,4919786927658183,490,23337.95,2025-07-13,Refunded
PAY0005347,ORD0005347,4828309057297691394,977,94093.2,2026-04-14,Refunded
PAY0005348,ORD0005348,4865150513780626,225,17318.93,2025-01-20,Success
PAY0005349,ORD0005349,4779656333238039231,107,78841.9,2025-07-22,Refunded
PAY0005350,ORD0005350,180006134932986,5251,28533.46,2024-09-29,Failed
PAY0005351,ORD0005351,4324568405500,4441,3400.68,2025-02-27,Failed
PAY0005352,ORD0005352,676196342460,325,77192.6,2025-05-09,Failed
PAY0005353,ORD0005353,180090600039971,322,5344.59,2025-05-10,Refunded
PAY0005354,ORD0005354,4387080100481586,421,63787.52,2025-05-16,Failed
PAY0005355,ORD0005355,502083523253,731,33520.5,2025-05-09,Success
PAY0005356,ORD0005356,30144347108144,59,2541.36,2026-07-05,Success
PAY0005357,ORD0005357,3578655801378693,938,19097.85,2024-10-23,Failed
PAY0005358,ORD0005358,3544977031310887,6050,6472.29,2026-06-20,Success
PAY0005359,ORD0005359,578840099944,516,119420.2,2026-04-15,Failed
PAY0005360,ORD0005360,4758360651756524,951,9465.16,2026-06-16,Failed
PAY0005361,ORD0005361,347269542711752,776,103119.05,2025-04-18,Refunded
PAY0005362,ORD0005362,5463361924185601,514,86391.6,2025-04-12,Failed
PAY0005363,ORD0005363,347353415753347,993,28497.74,2026-04-12,Failed
PAY0005364,ORD0005364,6508576135503095,511,14512.53,2025-10-26,Failed
PAY0005365,ORD0005365,6518439842100200,165,104423.35,2026-03-23,Refunded
PAY0005366,ORD0005366,6536808000225140,332,5182.64,2025-07-07,Refunded
PAY0005367,ORD0005367,3558559800461381,620,19864.09,2024-08-14,Success
PAY0005368,ORD0005368,180099218582538,550,74607.69,2025-08-09,Failed
PAY0005369,ORD0005369,4316312411448487809,125,20717.64,2024-10-31,Failed
PAY0005370,ORD0005370,6583870966273219,792,19928.92,2025-11-18,Refunded
PAY0005371,ORD0005371,180074340880282,576,37383.45,2026-01-25,Refunded
PAY0005372,ORD0005372,36903337258845,267,34637.54,2025-09-05,Success
PAY0005373,ORD0005373,3522516702744457,198,35657.2,2025-01-03,Success
PAY0005374,ORD0005374,2236560738312797,284,34436.79,2026-05-17,Refunded
PAY0005375,ORD0005375,180061282252554,249,60234.92,2024-08-26,Refunded
PAY0005376,ORD0005376,38350828943410,230,7389.64,2026-04-08,Success
PAY0005377,ORD0005377,3555979782578114,996,56455.92,2024-10-14,Refunded
PAY0005378,ORD0005378,503841362125,695,18883.14,2026-05-13,Success
PAY0005379,ORD0005379,30047239754935,55,23332.79,2025-09-11,Failed
PAY0005380,ORD0005380,374432982694831,345,9181.44,2026-01-14,Failed
PAY0005381,ORD0005381,501863730153,591,15816.36,2025-07-08,Failed
PAY0005382,ORD0005382,38876622950748,6277,5519.24,2025-05-12,Failed
PAY0005383,ORD0005383,3522703155343082,368,20840.78,2024-09-05,Failed
PAY0005384,ORD0005384,4878073709748,930,10238.57,2024-07-26,Failed
PAY0005385,ORD0005385,5292128586258746,463,2848.13,2024-08-11,Refunded
PAY0005386,ORD0005386,4620637394717306442,252,11340.15,2024-10-22,Failed
PAY0005387,ORD0005387,6011372882094094,167,12460.86,2026-06-12,Failed
PAY0005388,ORD0005388,30359367891227,599,41247.62,2026-01-04,Failed
PAY0005389,ORD0005389,6011126230852920,359,52381.89,2026-03-02,Failed
PAY0005390,ORD0005390,30112960300249,162,6055.95,2025-07-02,Refunded
PAY0005391,ORD0005391,30597744376210,377,39068.6,2026-03-29,Success
PAY0005392,ORD0005392,6011295472682517,291,3019.59,2026-01-10,Failed
PAY0005393,ORD0005393,4675551617464498392,872,23884.04,2024-11-15,Failed
PAY0005394,ORD0005394,3588282967250240,148,24330.4,2024-10-12,Refunded
PAY0005395,ORD0005395,5324129722659641,531,58744.23,2024-09-08,Success
PAY0005396,ORD0005396,2371970380050493,573,75293.65,2026-06-24,Success
PAY0005397,ORD0005397,4510581456569866,40,39669.45,2026-02-14,Success
PAY0005398,ORD0005398,6011535577602252,522,13641.24,2025-04-29,Refunded
PAY0005399,ORD0005399,6508251443265874,238,20967.16,2025-04-15,Failed
PAY0005400,ORD0005400,38527675361107,824,23947.4,2025-07-10,Success
PAY0005401,ORD0005401,213133620312951,551,48432.3,2025-07-05,Failed
PAY0005402,ORD0005402,370538817596340,154,40943.7,2024-09-30,Refunded
PAY0005403,ORD0005403,4415533694820938,473,86200.28,2025-04-29,Refunded
PAY0005404,ORD0005404,347973596418376,4434,15627.44,2024-11-06,Success
PAY0005405,ORD0005405,4642350778878236,28,21628.63,2025-01-30,Failed
PAY0005406,ORD0005406,3558012870389991,318,7951.24,2026-04-21,Refunded
PAY0005407,ORD0005407,3502296903362987,703,26524.78,2024-09-17,Failed
PAY0005408,ORD0005408,3584324186023554,215,83853.96,2026-05-13,Refunded
PAY0005409,ORD0005409,30172104488151,554,74870.72,2025-01-07,Success
PAY0005410,ORD0005410,4105520389409163,455,7572.46,2026-06-13,Success
PAY0005411,ORD0005411,30432631883757,353,66528.42,2025-06-15,Failed
PAY0005412,ORD0005412,180025924485211,889,17085.4,2026-03-23,Success
PAY0005413,ORD0005413,4892775235489762,183,63787.52,2026-06-19,Refunded
PAY0005414,ORD0005414,5246355157991150,82,9089.29,2025-02-25,Failed
PAY0005415,ORD0005415,3510599107491670,395,29184.94,2025-04-12,Failed
PAY0005416,ORD0005416,4083535024704741,372,69940.02,2026-06-08,Failed
PAY0005417,ORD0005417,3510994703395419,248,67549.47,2024-11-03,Refunded
PAY0005418,ORD0005418,3539792833742360,557,47253.0,2025-11-07,Failed
PAY0005419,ORD0005419,3522935410948988,671,9668.45,2025-12-11,Refunded
PAY0005420,ORD0005420,3524367651345971,994,2120.1,2025-01-11,Failed
PAY0005421,ORD0005421,3579122457998042,966,11478.93,2025-10-26,Refunded
PAY0005422,ORD0005422,2667187201623571,758,73548.64,2024-12-04,Refunded
PAY0005423,ORD0005423,2507568342224854,683,21383.78,2025-09-08,Refunded
PAY0005424,ORD0005424,6595322505583555,79,88015.35,2025-09-02,Failed
PAY0005425,ORD0005425,4522165309450,919,64885.89,2026-06-27,Failed
PAY0005426,ORD0005426,371894168458799,849,103771.5,2025-02-26,Failed
PAY0005427,ORD0005427,3596877613158745,317,6365.95,2024-09-30,Refunded
PAY0005428,ORD0005428,6575828387615426,156,57167.6,2025-03-30,Success
PAY0005429,ORD0005429,6011532684196245,167,7723.12,2025-02-09,Failed
PAY0005430,ORD0005430,3590581559782056,688,7465.38,2025-07-18,Failed
PAY0005431,ORD0005431,3588216477979609,252,53733.04,2025-11-21,Success
PAY0005432,ORD0005432,213116375995856,240,2240.34,2025-08-08,Success
PAY0005433,ORD0005433,6011586232933137,302,27295.8,2025-06-26,Refunded
PAY0005434,ORD0005434,180013685046315,900,26742.9,2026-04-03,Refunded
PAY0005435,ORD0005435,2287635758338241,396,51051.06,2024-10-18,Failed
PAY0005436,ORD0005436,180020498354026,618,88770.16,2025-10-06,Failed
PAY0005437,ORD0005437,4377612382125,9,31975.82,2026-02-14,Refunded
PAY0005438,ORD0005438,3558138064272337,738,42227.56,2025-01-11,Failed
PAY0005439,ORD0005439,6011972751552922,804,29196.83,2025-09-19,Success
PAY0005440,ORD0005440,342784501982678,193,46256.75,2025-10-27,Success
PAY0005441,ORD0005441,4500593014850268,801,30206.24,2026-03-21,Failed
PAY0005442,ORD0005442,377613676551331,148,113556.05,2025-11-26,Failed
PAY0005443,ORD0005443,4157154344554,509,40943.7,2026-01-10,Refunded
PAY0005444,ORD0005444,347091302856506,321,45487.72,2024-10-17,Success
PAY0005445,ORD0005445,30070251316599,772,28395.48,2026-01-24,Failed
PAY0005446,ORD0005446,4651206749000,164,38777.1,2025-05-16,Success
PAY0005447,ORD0005447,3543052815647838,254,16144.1,2026-03-29,Success
PAY0005448,ORD0005448,30258233035086,637,108367.0,2025-09-03,Failed
PAY0005449,ORD0005449,3563409403633411,632,45025.94,2025-01-09,Failed
PAY0005450,ORD0005450,6581252401895405,553,20963.49,2026-01-03,Failed
PAY0005451,ORD0005451,6011740957283398,730,2655.18,2024-11-28,Failed
PAY0005452,ORD0005452,4301998977649246,322,57152.46,2025-07-06,Refunded
PAY0005453,ORD0005453,4771014760686501,64,75527.92,2024-11-04,Refunded
PAY0005454,ORD0005454,4969167523348502180,926,60203.4,2024-08-18,Success
PAY0005455,ORD0005455,6549933340290094,5939,86200.28,2025-03-04,Failed
PAY0005456,ORD0005456,5424427106261284,616,48625.2,2025-07-12,Failed
PAY0005457,ORD0005457,4080202887707,613,4912.6,2025-03-13,Success
PAY0005458,ORD0005458,4793074495668772,63,80725.7,2026-03-08,Success
PAY0005459,ORD0005459,4746856226762389,15,74686.65,2025-10-10,Success
PAY0005460,ORD0005460,6011250871561572,820,46727.16,2026-01-13,Failed
PAY0005461,ORD0005461,3557630726266799,899,15144.92,2026-06-05,Success
PAY0005462,ORD0005462,3592621115739592,904,69868.02,2024-07-26,Refunded
PAY0005463,ORD0005463,30057121160596,940,101700.52,2026-03-25,Failed
PAY0005464,ORD0005464,6523715497320448,87,25177.52,2024-08-14,Failed
PAY0005465,ORD0005465,372659404532379,6603,28533.46,2025-12-14,Failed
PAY0005466,ORD0005466,6513627683119785,856,35818.26,2025-05-20,Success
PAY0005467,ORD0005467,213157598896182,223,1136.32,2025-03-15,Success
PAY0005468,ORD0005468,30261571074113,282,27129.75,2024-12-27,Failed
PAY0005469,ORD0005469,2232543246975762,9529,4495.12,2025-07-14,Failed
PAY0005470,ORD0005470,340599240681635,976,116739.76,2025-11-30,Success
PAY0005471,ORD0005471,4363155285867722,57,62305.75,2025-12-24,Refunded
PAY0005472,ORD0005472,3507848202661991,502,25889.16,2025-12-28,Refunded
PAY0005473,ORD0005473,3584610425387218,139,62167.65,2026-07-13,Success
PAY0005474,ORD0005474,36456822443760,407,8990.24,2026-07-02,Failed
PAY0005475,ORD0005475,36201658050226,470,52294.48,2025-08-16,Success
PAY0005476,ORD0005476,4119307367638273687,66,76353.08,2026-07-04,Failed
PAY0005477,ORD0005477,503816126927,688,38991.35,2025-07-06,Refunded
PAY0005478,ORD0005478,379291270423179,860,15118.98,2024-08-09,Success
PAY0005479,ORD0005479,2710419645242271,633,41614.24,2025-11-11,Success
PAY0005480,ORD0005480,342515583692706,112,41646.48,2025-09-10,Failed
PAY0005481,ORD0005481,180028499256785,154,38701.54,2024-08-26,Failed
PAY0005482,ORD0005482,180074491346026,116,8544.39,2024-11-25,Failed
PAY0005483,ORD0005483,2260305888250697,319,20160.42,2025-08-10,Failed
PAY0005484,ORD0005484,4151879964515,525,88704.56,2024-10-13,Refunded
PAY0005485,ORD0005485,4839490166528663,789,45505.48,2025-02-20,Success
PAY0005486,ORD0005486,340752171018976,449,94409.9,2025-12-07,Failed
PAY0005487,ORD0005487,6555765018050686,109,63069.15,2025-08-15,Failed
PAY0005488,ORD0005488,4463346773365,325,81226.52,2025-09-09,Failed
PAY0005489,ORD0005489,3559652084978730,634,44156.54,2024-12-21,Refunded
PAY0005490,ORD0005490,3535743426299833,2700,31254.88,2025-04-09,Failed
PAY0005491,ORD0005491,4502476753422,163,31031.1,2026-04-13,Failed
PAY0005492,ORD0005492,373072278412935,939,83868.64,2025-02-01,Failed
PAY0005493,ORD0005493,4262729223697788024,16,110435.5,2025-07-23,Success
PAY0005494,ORD0005494,4920338477400256,519,52657.88,2025-08-22,Success
PAY0005495,ORD0005495,180078860968641,478,30877.04,2025-10-07,Failed
PAY0005496,ORD0005496,2371451945139006,647,35433.4,2025-09-16,Refunded
PAY0005497,ORD0005497,4079996467748477889,3,1270.68,2025-06-22,Refunded
PAY0005498,ORD0005498,4557774799691,545,4982.23,2026-03-10,Success
PAY0005499,ORD0005499,675980184146,267,52892.6,2026-05-07,Success
PAY0005500,ORD0005500,213151498229800,137,37383.45,2025-03-09,Failed
PAY0005501,ORD0005501,3583072993438561,41,72607.83,2025-09-07,Refunded
PAY0005502,ORD0005502,346419689176126,844,14431.04,2024-09-01,Failed
PAY0005503,ORD0005503,3596394298296998,111,34875.72,2025-12-13,Refunded
PAY0005504,ORD0005504,3585219467432525,319,84075.44,2024-08-22,Failed
PAY0005505,ORD0005505,30312172279229,496,113150.88,2025-01-07,Failed
PAY0005506,ORD0005506,342767907299573,699,22442.29,2025-11-06,Refunded
PAY0005507,ORD0005507,4404531304772,152,55708.68,2024-11-26,Success
PAY0005508,ORD0005508,6011774026023360,5641,37435.36,2025-08-24,Refunded
PAY0005509,ORD0005509,2720891812659164,400,7315.92,2025-09-16,Refunded
PAY0005510,ORD0005510,4756893991698,106,89349.93,2026-07-14,Failed
PAY0005511,ORD0005511,3544283921715107,120,92631.6,2025-01-08,Success
PAY0005512,ORD0005512,348543433376902,243,22953.6,2024-12-14,Failed
PAY0005513,ORD0005513,213117959568218,467,8718.93,2025-06-12,Refunded
PAY0005514,ORD0005514,6548684971323735,699,5266.06,2025-12-22,Refunded
PAY0005515,ORD0005515,6011421306084460,762,67100.73,2025-11-06,Success
PAY0005516,ORD0005516,373778942011503,74,1136.32,2024-12-10,Success
PAY0005517,ORD0005517,213144360151533,981,8706.1,2025-09-03,Refunded
PAY0005518,ORD0005518,4340730301269700444,529,104817.45,2025-10-12,Failed
PAY0005519,ORD0005519,180018040987665,248,40943.7,2025-09-08,Refunded
PAY0005520,ORD0005520,4546263524330,590,8480.4,2024-07-31,Success
PAY0005521,ORD0005521,3545813102677814,3692,134278.55,2025-07-10,Failed
PAY0005522,ORD0005522,4237122960442174951,900,48598.5,2024-10-30,Success
PAY0005523,ORD0005523,213145566464166,487,22087.1,2024-11-04,Success
PAY0005524,ORD0005524,4836329690609,286,3399.2,2025-06-28,Failed
PAY0005525,ORD0005525,6531813774765284,572,95536.16,2025-06-16,Success
PAY0005526,ORD0005526,3564561873899960,496,60328.02,2026-06-09,Failed
PAY0005527,ORD0005527,180041581962012,690,52886.2,2025-03-03,Failed
PAY0005528,ORD0005528,3544446167077546,397,25302.52,2026-07-10,Refunded
PAY0005529,ORD0005529,30374467245877,623,6421.04,2026-06-30,Failed
PAY0005530,ORD0005530,371945622690375,942,1437.85,2024-08-15,Refunded
PAY0005531,ORD0005531,4972959149894178724,195,24330.4,2025-03-13,Failed
PAY0005532,ORD0005532,4003280447978510604,410,14240.65,2024-09-27,Success
PAY0005533,ORD0005533,4873586553782,653,84863.16,2026-05-13,Success
PAY0005534,ORD0005534,4934210637695675,139,3360.51,2024-08-09,Refunded
PAY0005535,ORD0005535,2720144963696407,64,63483.95,2024-11-26,Refunded
PAY0005536,ORD0005536,4274771012282338,919,89349.93,2025-07-16,Refunded
PAY0005537,ORD0005537,4912307657070437,895,24563.0,2026-06-02,Failed
PAY0005538,ORD0005538,6011302410014082,588,101533.15,2025-05-31,Refunded
PAY0005539,ORD0005539,630414669881,628,33082.08,2024-08-04,Success
PAY0005540,ORD0005540,6011946681156020,915,33082.08,2025-06-23,Success
PAY0005541,ORD0005541,213119696719245,783,113150.88,2025-12-02,Failed
PAY0005542,ORD0005542,4888671285951213,8021,124120.0,2025-08-25,Refunded
PAY0005543,ORD0005543,4197462966225903,16,54730.08,2025-12-15,Failed
PAY0005544,ORD0005544,502073811684,838,67166.3,2024-11-04,Success
PAY0005545,ORD0005545,4603790278130006748,118,32419.2,2025-03-27,Refunded
PAY0005546,ORD0005546,3552554967855596,587,24355.68,2024-09-27,Refunded
PAY0005547,ORD0005547,3596884771812162,494,25177.52,2026-02-28,Success
PAY0005548,ORD0005548,3529974929935999,309,9668.45,2025-02-09,Success
PAY0005549,ORD0005549,4105828946841,392,63787.52,2024-09-18,Refunded
PAY0005550,ORD0005550,30532666208521,368,45496.34,2025-11-15,Refunded
PAY0005551,ORD0005551,6011110646598707,212,123266.3,2025-11-27,Failed
PAY0005552,ORD0005552,3596059041547837,229,32105.2,2025-10-06,Success
PAY0005553,ORD0005553,3572944926918039,534,37435.36,2026-05-01,Refunded
PAY0005554,ORD0005554,3586983005474328,106,109460.16,2026-01-27,Refunded
PAY0005555,ORD0005555,213154352073637,245,124477.75,2025-04-28,Refunded
PAY0005556,ORD0005556,30548749757375,753,23515.2,2024-09-21,Refunded
PAY0005557,ORD0005557,4636491848930,595,36573.48,2024-11-03,Refunded
PAY0005558,ORD0005558,2234136730903503,602,15816.36,2024-11-14,Failed
PAY0005559,ORD0005559,4246295590272,946,47307.48,2026-02-02,Refunded
PAY0005560,ORD0005560,4774046442261,4708,8540.52,2024-10-06,Refunded
PAY0005561,ORD0005561,3505626049500206,757,41858.28,2025-09-07,Success
PAY0005562,ORD0005562,180054379334856,2828,22649.35,2025-06-06,Success
PAY0005563,ORD0005563,30290164943251,856,63073.52,2024-11-17,Success
PAY0005564,ORD0005564,3510146004425110,622,2120.1,2025-09-19,Failed
PAY0005565,ORD0005565,4004936840315026340,525,105115.25,2024-10-07,Failed
PAY0005566,ORD0005566,3517645503375455,686,12000.6,2024-09-09,Refunded
PAY0005567,ORD0005567,560710475362,170,105402.45,2024-09-04,Success
PAY0005568,ORD0005568,4342475588996770543,309,95052.15,2025-05-31,Refunded
PAY0005569,ORD0005569,6011126082908945,546,22743.86,2024-12-14,Success
PAY0005570,ORD0005570,4144523226872224,762,110578.4,2025-06-11,Success
PAY0005571,ORD0005571,3582113444637350,229,19933.23,2025-01-16,Success
PAY0005572,ORD0005572,3548392434252460,309,36468.9,2026-04-12,Failed
PAY0005573,ORD0005573,6011098903331187,1071,21167.04,2025-10-03,Success
PAY0005574,ORD0005574,180064754062758,71,66164.16,2025-08-13,Success
PAY0005575,ORD0005575,4838687757319,181,17017.02,2026-03-10,Success
PAY0005576,ORD0005576,180079779661731,7918,22076.96,2024-10-25,Success
PAY0005577,ORD0005577,4048407632237932,7674,20623.81,2026-04-21,Failed
PAY0005578,ORD0005578,3579129430923773,154,109460.16,2024-09-25,Failed
PAY0005579,ORD0005579,180019934295405,139,45759.32,2025-04-07,Success
PAY0005580,ORD0005580,4163330118721725,775,6039.18,2024-08-14,Success
PAY0005581,ORD0005581,3509635402342839,834,59010.45,2025-01-04,Refunded
PAY0005582,ORD0005582,4948208115723583,904,31460.07,2024-11-11,Refunded
PAY0005583,ORD0005583,502060330367,883,90065.96,2026-05-06,Success
PAY0005584,ORD0005584,676157210656,365,36780.24,2025-11-16,Refunded
PAY0005585,ORD0005585,2236703951681015,943,30927.96,2026-02-11,Refunded
PAY0005586,ORD0005586,2274442261848377,749,1548.11,2025-07-20,Refunded
PAY0005587,ORD0005587,2484395576239078,611,66049.38,2025-01-17,Success
PAY0005588,ORD0005588,4782911887031,312,4832.56,2025-02-01,Refunded
PAY0005589,ORD0005589,347568189547738,246,22792.97,2025-01-31,Success
PAY0005590,ORD0005590,567523330262,440,75990.15,2024-07-28,Refunded
PAY0005591,ORD0005591,30097470480849,911,36495.6,2026-05-15,Failed
PAY0005592,ORD0005592,560076691446,310,15768.38,2024-09-16,Success
PAY0005593,ORD0005593,4506140783020,400,89550.0,2026-02-10,Failed
PAY0005594,ORD0005594,4621988992540,497,10775.06,2025-09-17,Refunded
PAY0005595,ORD0005595,4405335418563881,974,14173.36,2025-07-07,Success
PAY0005596,ORD0005596,30215291350773,474,11513.76,2026-03-20,Success
PAY0005597,ORD0005597,180055435389958,488,15050.85,2026-02-04,Success
PAY0005598,ORD0005598,30421930023983,2065,154876.35,2026-07-02,Refunded
PAY0005599,ORD0005599,6517242677177934,462,11180.97,2024-12-30,Refunded
PAY0005600,ORD0005600,30047194058439,283,67326.87,2025-04-09,Success
PAY0005601,ORD0005601,3555768141655220,7579,22748.17,2025-10-20,Refunded
PAY0005602,ORD0005602,4762117459065647,802,52949.58,2025-05-31,Refunded
PAY0005603,ORD0005603,4891141949787050596,51,57152.46,2025-08-18,Refunded
PAY0005604,ORD0005604,4402655634231150,3336,52892.6,2025-08-05,Failed
PAY0005605,ORD0005605,4757134697629057,345,4495.12,2025-11-18,Refunded
PAY0005606,ORD0005606,4098457907682443019,170,109051.16,2025-04-07,Success
PAY0005607,ORD0005607,4616710090209,679,108958.96,2025-12-14,Refunded
PAY0005608,ORD0005608,30593259746079,314,76201.25,2026-03-10,Success
PAY0005609,ORD0005609,6011942662287496,4886,80997.5,2026-07-15,Refunded
PAY0005610,ORD0005610,2423980903219085,7212,29820.96,2024-07-28,Refunded
PAY0005611,ORD0005611,30354255715240,525,11757.6,2025-12-28,Refunded
PAY0005612,ORD0005612,379724148130709,297,44408.1,2025-01-18,Success
PAY0005613,ORD0005613,345954039240751,412,116566.7,2025-03-24,Refunded
PAY0005614,ORD0005614,3562970522004926,1994,16144.1,2026-03-10,Failed
PAY0005615,ORD0005615,4579291514137528,381,14004.81,2025-10-20,Failed
PAY0005616,ORD0005616,180072692453302,49,93253.36,2024-11-22,Failed
PAY0005617,ORD0005617,630466057993,685,34436.79,2025-10-28,Refunded
PAY0005618,ORD0005618,571280099342,7269,64390.89,2026-06-28,Success
PAY0005619,ORD0005619,30197426597967,234,4350.83,2026-05-21,Failed
PAY0005620,ORD0005620,4760331720516930,430,7951.24,2026-07-14,Failed
PAY0005621,ORD0005621,4509921096756621694,41,17159.77,2025-07-16,Failed
PAY0005622,ORD0005622,340660555269828,965,6405.39,2025-12-31,Failed
PAY0005623,ORD0005623,30589493581215,632,14004.81,2025-03-09,Success
PAY0005624,ORD0005624,4277722630732789,740,105115.25,2025-04-02,Refunded
PAY0005625,ORD0005625,30287982357656,853,85854.52,2025-09-17,Failed
PAY0005626,ORD0005626,502089149418,201,77314.05,2024-08-17,Success
PAY0005627,ORD0005627,4373218346272361,382,18526.32,2024-12-06,Refunded
PAY0005628,ORD0005628,4800363797726326,50,17837.41,2024-08-23,Success
PAY0005629,ORD0005629,6011754536588458,617,19864.09,2025-01-16,Refunded
PAY0005630,ORD0005630,5312772977169214,758,58050.12,2025-06-03,Success
PAY0005631,ORD0005631,180005030096011,23,58050.12,2025-05-03,Failed
PAY0005632,ORD0005632,3560207574243082,254,11588.08,2026-03-25,Refunded
PAY0005633,ORD0005633,3514616165332608,820,24922.3,2026-05-30,Refunded
PAY0005634,ORD0005634,4622237930237811,870,45585.94,2026-03-29,Success
PAY0005635,ORD0005635,6525723031169618,59,4529.87,2025-01-06,Success
PAY0005636,ORD0005636,4128211797893684,997,45446.45,2025-07-09,Failed
PAY0005637,ORD0005637,38797299839719,373,29867.0,2025-07-10,Success
PAY0005638,ORD0005638,349384608682801,704,93157.36,2024-12-10,Refunded
PAY0005639,ORD0005639,4705313487097666,323,14628.27,2024-11-07,Failed
PAY0005640,ORD0005640,675952566684,553,36439.68,2025-04-15,Failed
PAY0005641,ORD0005641,5469572233476960,648,27295.8,2025-07-09,Failed
PAY0005642,ORD0005642,6011117511001394,724,77284.29,2026-05-11,Failed
PAY0005643,ORD0005643,3502859876594983,2,30715.71,2026-05-14,Failed
PAY0005644,ORD0005644,6553829801320953,194,141939.55,2025-10-19,Success
PAY0005645,ORD0005645,344029032414512,705,91171.88,2025-08-26,Refunded
PAY0005646,ORD0005646,630482721663,566,20152.83,2026-04-06,Failed
PAY0005647,ORD0005647,3544591271924503,5037,48435.42,2024-11-20,Failed
PAY0005648,ORD0005648,3570943029221830,463,75086.08,2026-06-26,Failed
PAY0005649,ORD0005649,3565043107840317,8974,111834.55,2024-11-24,Success
PAY0005650,ORD0005650,6579933393717095,137,19263.12,2026-03-19,Failed
PAY0005651,ORD0005651,213156406004773,5,2591.32,2026-01-02,Failed
PAY0005652,ORD0005652,6530052841698969,615,64090.68,2024-07-21,Refunded
PAY0005653,ORD0005653,2238678707699271,433,39706.1,2024-10-07,Refunded
PAY0005654,ORD0005654,213182778691260,391,12034.55,2025-02-24,Success
PAY0005655,ORD0005655,4547670567605490,317,8739.22,2026-07-12,Refunded
PAY0005656,ORD0005656,376066479984434,739,83538.68,2025-06-24,Success
PAY0005657,ORD0005657,4460490423670122,169,59559.15,2025-06-04,Failed
PAY0005658,ORD0005658,579886188674,967,5973.4,2025-09-08,Refunded
PAY0005659,ORD0005659,180099228049486,653,128807.15,2024-12-30,Failed
PAY0005660,ORD0005660,6011211004409923,792,2416.28,2025-06-22,Failed
PAY0005661,ORD0005661,6565765769252810,730,8914.3,2026-03-08,Success
PAY0005662,ORD0005662,3587614373879470,116,41946.76,2026-07-11,Failed
PAY0005663,ORD0005663,4067141610910041806,583,13972.15,2025-02-27,Refunded
PAY0005664,ORD0005664,3533842279632934,8,109426.75,2026-03-04,Refunded
PAY0005665,ORD0005665,3506438432217664,919,41374.8,2025-09-17,Failed
PAY0005666,ORD0005666,6011976651605177,545,46675.9,2025-03-08,Refunded
PAY0005667,ORD0005667,4535292991753937893,117,14248.87,2024-09-25,Success
PAY0005668,ORD0005668,4752751806888,130,99265.25,2024-11-06,Refunded
PAY0005669,ORD0005669,4870266023476033256,670,33809.92,2024-08-11,Refunded
PAY0005670,ORD0005670,3556731676044268,474,25684.16,2025-07-18,Refunded
PAY0005671,ORD0005671,4972487437390,746,105402.45,2025-08-15,Failed
PAY0005672,ORD0005672,4111078973444,6343,68378.91,2025-03-08,Failed
PAY0005673,ORD0005673,3551442788394329,43,18474.1,2025-05-15,Failed
PAY0005674,ORD0005674,180075293373555,969,58918.3,2026-01-23,Failed
PAY0005675,ORD0005675,675933030537,102,6405.39,2025-04-19,Refunded
PAY0005676,ORD0005676,4428257627892,3849,27412.47,2025-12-18,Refunded
PAY0005677,ORD0005677,4512840231188292192,163,38320.36,2026-06-04,Success
PAY0005678,ORD0005678,6011917537361866,963,85728.69,2025-10-07,Failed
PAY0005679,ORD0005679,4289345645131656622,129,45032.98,2026-05-01,Failed
PAY0005680,ORD0005680,4798635363495962,893,38090.37,2025-03-17,Refunded
PAY0005681,ORD0005681,3587748130204463,636,13593.0,2025-09-13,Failed
PAY0005682,ORD0005682,36997999672764,734,20722.55,2024-11-03,Refunded
PAY0005683,ORD0005683,3533830788185486,6,34760.3,2025-04-28,Success
PAY0005684,ORD0005684,4010730650277,795,8701.66,2025-11-11,Failed
PAY0005685,ORD0005685,30153376952165,737,45585.94,2025-05-15,Failed
PAY0005686,ORD0005686,3521531744989318,358,11681.79,2024-10-28,Failed
PAY0005687,ORD0005687,3531612898562750,848,34662.44,2024-09-26,Refunded
PAY0005688,ORD0005688,6011904155869305,422,97610.12,2025-01-03,Success
PAY0005689,ORD0005689,4865953219351,222,3204.88,2025-05-01,Refunded
PAY0005690,ORD0005690,639003169526,426,12498.06,2025-12-03,Refunded
PAY0005691,ORD0005691,675911497476,750,44032.92,2024-08-09,Refunded
PAY0005692,ORD0005692,675975820001,51,24572.4,2025-08-02,Failed
PAY0005693,ORD0005693,4079474184158017,114,42227.56,2026-06-03,Success
PAY0005694,ORD0005694,3583842267694341,982,64580.56,2026-05-03,Success
PAY0005695,ORD0005695,3578440884902499,647,30925.62,2025-03-19,Failed
PAY0005696,ORD0005696,6530249770563160,265,59799.69,2025-01-26,Failed
PAY0005697,ORD0005697,373700538768643,228,61359.84,2026-02-06,Failed
PAY0005698,ORD0005698,4822594637938390,766,19307.8,2024-11-14,Failed
PAY0005699,ORD0005699,3548584583409749,3155,72060.09,2025-05-05,Failed
PAY0005700,ORD0005700,4148346868636210,8430,6775.18,2026-06-27,Refunded
PAY0005701,ORD0005701,60449637697,180,31460.07,2025-03-22,Success
PAY0005702,ORD0005702,6011059905328522,389,26866.52,2025-11-25,Success
PAY0005703,ORD0005703,371051142039365,735,13550.36,2026-02-09,Refunded
PAY0005704,ORD0005704,675950726629,6492,79218.48,2024-11-18,Failed
PAY0005705,ORD0005705,4405170412084265,874,111099.75,2025-08-29,Success
PAY0005706,ORD0005706,30336701672109,403,85854.52,2025-12-23,Success
PAY0005707,ORD0005707,3571806115579404,786,18416.5,2025-02-20,Refunded
PAY0005708,ORD0005708,4369184700045569,4190,3812.04,2026-05-07,Failed
PAY0005709,ORD0005709,4525490526995,474,15627.44,2026-02-19,Refunded
PAY0005710,ORD0005710,6576440077887585,461,15627.44,2024-10-05,Success
PAY0005711,ORD0005711,676109072071,833,60961.0,2024-09-15,Refunded
PAY0005712,ORD0005712,4006853481631,882,41614.24,2024-08-12,Refunded
PAY0005713,ORD0005713,4495734308339,902,113964.85,2024-09-09,Failed
PAY0005714,ORD0005714,3567659253545067,951,56153.04,2025-11-22,Failed
PAY0005715,ORD0005715,370858618896149,680,89329.35,2026-01-17,Refunded
PAY0005716,ORD0005716,373987160847841,450,22852.24,2026-01-06,Failed
PAY0005717,ORD0005717,30108716259127,825,137062.35,2024-09-13,Failed
PAY0005718,ORD0005718,4202309628585765,307,1359.68,2025-07-14,Failed
PAY0005719,ORD0005719,6514138472309974,17,19263.12,2026-02-20,Refunded
PAY0005720,ORD0005720,2720319704473312,909,19646.87,2024-11-19,Refunded
PAY0005721,ORD0005721,180031832090150,128,33221.12,2026-02-27,Success
PAY0005722,ORD0005722,501847543235,638,104203.9,2024-09-19,Success
PAY0005723,ORD0005723,30220730212543,990,30425.44,2025-01-12,Refunded
PAY0005724,ORD0005724,3563563144497583,2794,657.14,2025-11-03,Refunded
PAY0005725,ORD0005725,503874504254,401,11947.6,2025-09-19,Success
PAY0005726,ORD0005726,3547844741092592,648,40852.86,2025-11-07,Success
PAY0005727,ORD0005727,30309794149079,6710,76588.84,2024-10-29,Refunded
PAY0005728,ORD0005728,2703891488134964,334,8383.29,2025-10-07,Success
PAY0005729,ORD0005729,180095606375386,946,99265.25,2025-02-15,Success
PAY0005730,ORD0005730,30151378459726,684,15332.52,2024-09-20,Refunded
PAY0005731,ORD0005731,4659735170452285,893,4495.12,2025-06-08,Refunded
PAY0005732,ORD0005732,3516872984854953,267,43100.14,2025-06-25,Refunded
PAY0005733,ORD0005733,563897303068,716,43100.14,2025-02-24,Refunded
PAY0005734,ORD0005734,4574941801643779,638,40652.0,2024-10-06,Success
PAY0005735,ORD0005735,4085643900667096722,143,42160.98,2026-01-29,Failed
PAY0005736,ORD0005736,345043586067005,192,72785.76,2024-11-04,Failed
PAY0005737,ORD0005737,4556128343001482,272,4668.27,2025-12-23,Refunded
PAY0005738,ORD0005738,3511140203607734,195,10093.25,2026-01-11,Failed
PAY0005739,ORD0005739,4274854523252,439,19657.92,2026-04-18,Success
PAY0005740,ORD0005740,4627021753573592,365,11101.32,2024-09-04,Success
PAY0005741,ORD0005741,3511809604582197,141,6867.92,2025-09-05,Success
PAY0005742,ORD0005742,30383753524580,657,21543.84,2026-06-22,Success
PAY0005743,ORD0005743,30390363315945,384,24869.23,2026-07-15,Failed
PAY0005744,ORD0005744,6505126687752386,623,862.71,2024-09-19,Success
PAY0005745,ORD0005745,501898080178,24,15351.68,2025-08-20,Success
PAY0005746,ORD0005746,3556420953960210,296,75293.65,2025-02-03,Failed
PAY0005747,ORD0005747,6596986044146832,530,35643.14,2026-03-03,Refunded
PAY0005748,ORD0005748,347534503003733,368,107422.84,2024-12-19,Refunded
PAY0005749,ORD0005749,4280509329367,428,60732.8,2024-08-10,Failed
PAY0005750,ORD0005750,4953606202196,625,16024.4,2026-03-18,Success
PAY0005751,ORD0005751,6569461588033237,705,5297.14,2026-06-23,Failed
PAY0005752,ORD0005752,3519270821685937,219,8296.4,2025-03-13,Refunded
PAY0005753,ORD0005753,4703980357153175,60,15946.88,2025-06-26,Refunded
PAY0005754,ORD0005754,503846590050,636,101630.0,2025-10-06,Success
PAY0005755,ORD0005755,4269647688570320,621,5223.66,2025-03-06,Success
PAY0005756,ORD0005756,4231656722798164,5892,148882.25,2024-11-10,Refunded
PAY0005757,ORD0005757,2524413461731547,917,82495.24,2025-07-21,Failed
PAY0005758,ORD0005758,3515866629267887,454,104116.2,2026-04-09,Failed
PAY0005759,ORD0005759,4178301500542345,118,44884.58,2025-10-07,Failed
PAY0005760,ORD0005760,343652593475506,829,58359.33,2026-04-16,Refunded
PAY0005761,ORD0005761,676373002549,207,8257.43,2025-01-23,Refunded
PAY0005762,ORD0005762,676331254752,29,60203.4,2026-01-30,Failed
PAY0005763,ORD0005763,3582255462165200,351,50787.16,2024-07-27,Failed
PAY0005764,ORD0005764,4983485372979076,574,83801.25,2026-01-09,Refunded
PAY0005765,ORD0005765,3527658501565355,1144,96810.44,2025-08-02,Success
PAY0005766,ORD0005766,3530468767542394,8556,55724.74,2026-04-18,Success
PAY0005767,ORD0005767,345121618215105,444,6360.3,2025-01-16,Failed
PAY0005768,ORD0005768,4668221667808843311,97,47208.36,2026-01-09,Failed
PAY0005769,ORD0005769,4344241554029,790,141438.6,2026-04-19,Failed
PAY0005770,ORD0005770,6574026420648147,732,14248.87,2025-09-11,Refunded
PAY0005771,ORD0005771,4040511861283984,347,14004.81,2024-09-17,Failed
PAY0005772,ORD0005772,2295685850763606,663,38673.8,2026-06-10,Refunded
PAY0005773,ORD0005773,6523158284285674,93,80437.36,2025-02-18,Failed
PAY0005774,ORD0005774,3526857768733802,237,4270.26,2025-02-09,Refunded
PAY0005775,ORD0005775,36380150504110,723,12310.05,2026-02-11,Failed
PAY0005776,ORD0005776,4016344559812,793,136660.2,2025-11-01,Refunded
PAY0005777,ORD0005777,4322231452586,485,29776.45,2025-01-26,Failed
PAY0005778,ORD0005778,4716888164972006157,234,30101.7,2024-12-24,Refunded
PAY0005779,ORD0005779,30246700643714,1924,25968.61,2025-08-16,Refunded
PAY0005780,ORD0005780,3552923969975639,702,76640.72,2025-01-03,Failed
PAY0005781,ORD0005781,4306368512445592634,479,73510.08,2025-07-30,Failed
PAY0005782,ORD0005782,4364777755557167,437,90844.84,2026-01-20,Refunded
PAY0005783,ORD0005783,4213507801541,616,12588.76,2025-10-20,Failed
PAY0005784,ORD0005784,30401121749067,693,21463.63,2025-09-03,Refunded
PAY0005785,ORD0005785,4789963894682473,76,131644.7,2024-11-08,Refunded
PAY0005786,ORD0005786,6011987236704187,762,141438.6,2025-08-28,Success
PAY0005787,ORD0005787,2293084301626707,6593,80720.5,2026-02-05,Success
PAY0005788,ORD0005788,36906945876858,471,15198.03,2025-09-08,Failed
PAY0005789,ORD0005789,4576513016142,309,98613.04,2025-07-23,Failed
PAY0005790,ORD0005790,2705117535770255,819,13485.36,2025-12-03,Success
PAY0005791,ORD0005791,377060622932167,759,29690.54,2025-03-04,Refunded
PAY0005792,ORD0005792,3590446680663486,987,33029.72,2026-05-05,Success
PAY0005793,ORD0005793,30080647232772,772,63241.47,2026-02-06,Failed
PAY0005794,ORD0005794,4746695720163599,896,9072.12,2025-09-09,Refunded
PAY0005795,ORD0005795,345507710927367,736,68244.51,2025-12-28,Refunded
PAY0005796,ORD0005796,5596437659948379,608,72562.65,2026-02-02,Failed
PAY0005797,ORD0005797,4860961972839595,3823,7315.92,2025-04-10,Refunded
PAY0005798,ORD0005798,4875076275216368,194,5387.53,2025-05-02,Failed
PAY0005799,ORD0005799,349405274343152,325,131644.7,2024-10-24,Failed
PAY0005800,ORD0005800,6011643339970809,375,37543.04,2025-09-08,Refunded
PAY0005801,ORD0005801,3544005565627987,674,119133.24,2025-07-15,Failed
PAY0005802,ORD0005802,586537392985,527,28387.91,2025-02-24,Refunded
PAY0005803,ORD0005803,30032858251124,87,4813.82,2026-02-10,Failed
PAY0005804,ORD0005804,6592212341471722,757,113556.05,2025-03-04,Success
PAY0005805,ORD0005805,180011378809189,321,31031.1,2026-02-07,Failed
PAY0005806,ORD0005806,2222856976443625,147,45505.48,2025-04-29,Success
PAY0005807,ORD0005807,4063922573769115,460,22366.91,2026-04-16,Success
PAY0005808,ORD0005808,2285658666488520,8294,58408.95,2024-11-08,Failed
PAY0005809,ORD0005809,4060259226612696,351,55724.74,2025-04-30,Success
PAY0005810,ORD0005810,4288878746802408,372,11049.9,2025-09-17,Failed
PAY0005811,ORD0005811,30298169405119,448,1937.4,2026-04-28,Failed
PAY0005812,ORD0005812,4801561455743967,830,40524.0,2026-04-08,Success
PAY0005813,ORD0005813,5417320625406754,832,65020.2,2026-06-09,Failed
PAY0005814,ORD0005814,343314121853734,936,22879.66,2026-06-07,Failed
PAY0005815,ORD0005815,180030045386124,1,4369.61,2025-12-14,Failed
PAY0005816,ORD0005816,4440107483768621,491,20823.24,2025-04-18,Success
PAY0005817,ORD0005817,3544521744300387,694,64090.68,2026-01-26,Failed
PAY0005818,ORD0005818,4956523554775632,784,44439.9,2025-10-26,Failed
PAY0005819,ORD0005819,675975759233,453,6055.95,2024-08-23,Success
PAY0005820,ORD0005820,3509984491166927,973,76275.39,2025-04-11,Success
PAY0005821,ORD0005821,3520439367265290,947,18286.74,2025-06-18,Success
PAY0005822,ORD0005822,4965595808777555936,867,7756.98,2025-08-26,Failed
PAY0005823,ORD0005823,3592850698754682,950,102132.15,2025-02-13,Success
PAY0005824,ORD0005824,676222819176,897,48489.75,2025-12-05,Success
PAY0005825,ORD0005825,3561485521462158,717,25393.58,2025-09-23,Refunded
PAY0005826,ORD0005826,346751824181797,543,50605.04,2025-08-18,Refunded
PAY0005827,ORD0005827,3552168783095095,729,9874.53,2026-01-25,Failed
PAY0005828,ORD0005828,30154517336748,827,72607.83,2025-04-06,Failed
PAY0005829,ORD0005829,38868033647294,679,87554.82,2026-06-21,Failed
PAY0005830,ORD0005830,4963594662046,437,24922.3,2025-02-02,Failed
PAY0005831,ORD0005831,346251612549305,816,129226.8,2025-03-09,Refunded
PAY0005832,ORD0005832,4726113732723255,51,11946.8,2026-05-27,Success
PAY0005833,ORD0005833,4685691148730062,429,11783.66,2025-04-08,Failed
PAY0005834,ORD0005834,574773137207,108,9092.49,2025-05-02,Success
PAY0005835,ORD0005835,3510513900505669,1647,37780.68,2025-01-06,Success
PAY0005836,ORD0005836,4952944048441796618,76,15438.52,2026-03-07,Success
PAY0005837,ORD0005837,4171648076953,439,69842.52,2025-11-16,Failed
PAY0005838,ORD0005838,4605020055772262,6812,101917.0,2026-06-09,Success
PAY0005839,ORD0005839,4279840628080173766,573,16845.28,2025-05-11,Refunded
PAY0005840,ORD0005840,180052674551596,571,13165.15,2026-02-13,Refunded
PAY0005841,ORD0005841,4703848996580261840,264,99666.15,2024-09-03,Success
PAY0005842,ORD0005842,213162953550176,922,64650.21,2025-09-25,Refunded
PAY0005843,ORD0005843,4600643104363664992,800,8206.7,2024-12-06,Refunded
PAY0005844,ORD0005844,572510724394,832,9094.16,2025-04-28,Failed
PAY0005845,ORD0005845,30088413520759,786,45422.42,2025-10-21,Refunded
PAY0005846,ORD0005846,4994931813067,78,74607.69,2025-03-29,Refunded
PAY0005847,ORD0005847,4344587977247736,472,25971.81,2026-02-11,Success
PAY0005848,ORD0005848,344517482194535,7100,14733.2,2026-03-27,Failed
PAY0005849,ORD0005849,2299855881198959,847,12498.06,2026-03-06,Failed
PAY0005850,ORD0005850,4275782862485268,498,6717.61,2024-09-17,Failed
PAY0005851,ORD0005851,675966049404,973,14930.76,2026-03-17,Refunded
PAY0005852,ORD0005852,4075974728225092341,598,24314.4,2026-07-09,Success
PAY0005853,ORD0005853,3550878027775813,739,19336.9,2025-07-10,Success
PAY0005854,ORD0005854,4906233183633365157,630,104035.6,2025-10-01,Success
PAY0005855,ORD0005855,4496548118483917,440,15198.03,2025-11-30,Failed
PAY0005856,ORD0005856,3597123672888149,296,90975.44,2025-07-25,Refunded
PAY0005857,ORD0005857,4652303068723783,620,5266.06,2025-11-14,Failed
PAY0005858,ORD0005858,4942464340711598,5214,95800.9,2025-05-08,Success
PAY0005859,ORD0005859,30181851085003,846,7798.27,2025-09-10,Refunded
PAY0005860,ORD0005860,584698216556,802,7666.26,2025-11-28,Success
PAY0005861,ORD0005861,675961470928,168,14779.28,2024-07-17,Refunded
PAY0005862,ORD0005862,4701280504988397,5333,11946.8,2025-05-08,Failed
PAY0005863,ORD0005863,4263020739157,109,92847.8,2026-03-14,Success
PAY0005864,ORD0005864,4033833882133108788,430,41508.6,2025-07-04,Success
PAY0005865,ORD0005865,6011564919242908,943,8296.4,2024-11-17,Success
PAY0005866,ORD0005866,4089862834611757,307,38991.35,2026-05-01,Refunded
PAY0005867,ORD0005867,4945875949101,234,5973.4,2025-12-15,Refunded
PAY0005868,ORD0005868,570268015403,870,20383.4,2026-04-28,Refunded
PAY0005869,ORD0005869,2260823992517181,978,124120.0,2025-02-23,Failed
PAY0005870,ORD0005870,4612361830035,900,109426.75,2025-12-19,Failed
PAY0005871,ORD0005871,4301033479252255,387,21463.63,2026-04-30,Failed
PAY0005872,ORD0005872,6574311894721764,378,21023.05,2024-11-12,Refunded
PAY0005873,ORD0005873,4358590811509,240,25845.36,2026-04-08,Success
PAY0005874,ORD0005874,30153468362299,883,98613.04,2025-05-31,Success
PAY0005875,ORD0005875,4123451135640,316,149250.0,2025-06-03,Failed
PAY0005876,ORD0005876,4403337472026506615,337,725.56,2024-09-14,Refunded
PAY0005877,ORD0005877,2718924354914111,769,34921.26,2025-07-02,Refunded
PAY0005878,ORD0005878,3527752330240049,669,14362.56,2025-12-13,Refunded
PAY0005879,ORD0005879,30209804027234,826,35120.96,2024-11-22,Refunded
PAY0005880,ORD0005880,3500271462223690,8487,50042.55,2026-05-22,Success
PAY0005881,ORD0005881,30317783824800,625,42727.12,2026-01-02,Failed
PAY0005882,ORD0005882,4763309746141377,418,78441.72,2025-06-14,Success
PAY0005883,ORD0005883,30394088861084,303,45704.48,2025-06-19,Success
PAY0005884,ORD0005884,4408574898077700,391,53049.56,2025-12-14,Success
PAY0005885,ORD0005885,4266794570120807,720,79218.48,2024-07-24,Refunded
PAY0005886,ORD0005886,3553031129991766,413,15462.81,2024-12-13,Success
PAY0005887,ORD0005887,4383728550375203,294,850.17,2025-09-11,Success
PAY0005888,ORD0005888,6584513337743838,249,6421.04,2024-10-11,Failed
PAY0005889,ORD0005889,213128461458210,933,38294.42,2025-07-31,Success
PAY0005890,ORD0005890,4490231057074972605,322,15351.68,2026-03-22,Refunded
PAY0005891,ORD0005891,4513933880651841178,425,108041.96,2026-03-15,Refunded
PAY0005892,ORD0005892,501806444250,948,46810.56,2024-11-06,Refunded
PAY0005893,ORD0005893,4702207962512,56,68341.6,2025-09-12,Success
PAY0005894,ORD0005894,3571957591668482,905,13435.22,2026-04-19,Refunded
PAY0005895,ORD0005895,180081170591368,764,36533.52,2025-04-10,Failed
PAY0005896,ORD0005896,4382581422924323,498,60850.88,2025-05-30,Success
PAY0005897,ORD0005897,4468170662455519351,457,1971.42,2024-10-10,Success
PAY0005898,ORD0005898,4693745275441727,733,46675.9,2024-10-29,Failed
PAY0005899,ORD0005899,3511225541301247,77,5310.36,2025-07-26,Success
PAY0005900,ORD0005900,30358627159169,172,4626.3,2025-02-20,Success
PAY0005901,ORD0005901,180043002964783,344,41646.48,2024-11-30,Refunded
PAY0005902,ORD0005902,3517387865808951,300,110839.0,2025-05-14,Success
PAY0005903,ORD0005903,676101271648,623,74777.65,2024-09-19,Refunded
PAY0005904,ORD0005904,4966316714668781,982,31031.1,2025-04-25,Failed
PAY0005905,ORD0005905,4405874160942828,714,74105.28,2025-10-24,Failed
PAY0005906,ORD0005906,6011669460059377,287,6405.39,2026-07-08,Failed
PAY0005907,ORD0005907,675970953245,9385,3833.13,2025-12-02,Refunded
PAY0005908,ORD0005908,4665858162122,192,83853.96,2025-03-15,Failed
PAY0005909,ORD0005909,5552737181693662,778,47134.64,2024-11-24,Refunded
PAY0005910,ORD0005910,675982178716,947,30877.04,2026-03-23,Failed
PAY0005911,ORD0005911,3533975763748640,484,69842.52,2025-10-19,Failed
PAY0005912,ORD0005912,3581156674706255,419,44335.6,2025-12-19,Refunded
PAY0005913,ORD0005913,349843581210765,966,109051.16,2025-03-22,Refunded
PAY0005914,ORD0005914,4953229513425763,3235,34875.72,2026-06-27,Success
PAY0005915,ORD0005915,6547457989199020,552,7200.36,2025-01-08,Failed
PAY0005916,ORD0005916,30354118515878,103,24314.4,2024-10-27,Success
PAY0005917,ORD0005917,4282357073078136,558,23820.4,2025-08-08,Failed
PAY0005918,ORD0005918,38390015781439,202,51956.31,2026-01-24,Success
PAY0005919,ORD0005919,4994809709608046149,491,86656.1,2026-06-03,Refunded
PAY0005920,ORD0005920,3571243941617937,400,12498.06,2026-01-25,Success
PAY0005921,ORD0005921,3591710017947121,299,30915.72,2026-04-19,Failed
PAY0005922,ORD0005922,180095022948030,126,5082.72,2026-05-03,Refunded
PAY0005923,ORD0005923,3505942341655949,558,13223.15,2025-12-22,Refunded
PAY0005924,ORD0005924,6501299508707402,866,24889.2,2025-09-22,Failed
PAY0005925,ORD0005925,4053553075537,204,41646.48,2026-04-13,Success
PAY0005926,ORD0005926,2281734675266803,992,65020.2,2025-07-09,Success
PAY0005927,ORD0005927,30224458468436,791,54479.48,2026-07-09,Failed
PAY0005928,ORD0005928,639080872067,487,19010.43,2025-10-04,Success
PAY0005929,ORD0005929,30224378621296,354,11101.32,2025-04-26,Failed
PAY0005930,ORD0005930,6560229444538445,8454,139311.85,2025-10-19,Refunded
PAY0005931,ORD0005931,30310042303708,409,54020.98,2025-09-30,Success
PAY0005932,ORD0005932,3556265000363664,76,17017.02,2024-10-23,Success
PAY0005933,ORD0005933,6011466618725888,922,34921.26,2025-05-12,Failed
PAY0005934,ORD0005934,2379558348291291,707,59066.25,2025-11-21,Success
PAY0005935,ORD0005935,4675628872636265,226,119400.0,2026-05-06,Refunded
PAY0005936,ORD0005936,4818623763970681,625,15902.48,2025-11-20,Failed
PAY0005937,ORD0005937,3592756551518124,812,19165.65,2025-12-08,Failed
PAY0005938,ORD0005938,375588427049839,306,12136.03,2026-04-22,Refunded
PAY0005939,ORD0005939,3572860284792370,56,35433.4,2026-04-03,Refunded
PAY0005940,ORD0005940,4755165539763062406,2903,61851.24,2026-03-15,Refunded
PAY0005941,ORD0005941,4536926210220840636,882,31207.04,2026-03-12,Failed
PAY0005942,ORD0005942,344896679643698,413,34339.6,2025-09-12,Success
PAY0005943,ORD0005943,3543780667564442,512,103733.55,2024-10-23,Success
PAY0005944,ORD0005944,4817393048304,977,568.2,2026-03-06,Success
PAY0005945,ORD0005945,4189976478516244,448,122516.8,2026-07-01,Failed
PAY0005946,ORD0005946,676156690031,287,17017.02,2025-07-31,Success
PAY0005947,ORD0005947,3595790894750943,759,56644.6,2026-02-11,Success
PAY0005948,ORD0005948,5439863527465521,357,9455.9,2024-09-15,Refunded
PAY0005949,ORD0005949,4292011019105,653,71244.35,2026-05-19,Success
PAY0005950,ORD0005950,213135747278155,635,7086.68,2025-02-01,Success
PAY0005951,ORD0005951,4816828638291,8511,89769.16,2025-12-23,Success
PAY0005952,ORD0005952,4037412482302041447,996,2848.13,2025-02-01,Failed
PAY0005953,ORD0005953,4773377188774,458,113719.3,2026-04-27,Refunded
PAY0005954,ORD0005954,4539016934506443,778,23313.34,2026-03-13,Refunded
PAY0005955,ORD0005955,2708537796365999,609,30117.46,2025-08-29,Failed
PAY0005956,ORD0005956,3504851352283858,885,43901.2,2026-04-05,Failed
PAY0005957,ORD0005957,4614430665380266,124,51937.22,2024-08-01,Failed
PAY0005958,ORD0005958,2606651686155379,927,41934.32,2024-12-11,Success
PAY0005959,ORD0005959,3538757112940515,602,39669.45,2025-05-28,Failed
PAY0005960,ORD0005960,2236591812541365,29,119420.2,2025-12-08,Success
PAY0005961,ORD0005961,4104105047466953354,345,16991.25,2025-03-26,Failed
PAY0005962,ORD0005962,4636999444771429,545,18188.32,2024-07-27,Failed
PAY0005963,ORD0005963,180012069213459,118,57031.29,2026-04-09,Success
PAY0005964,ORD0005964,6011868284690397,649,23363.58,2026-01-03,Success
PAY0005965,ORD0005965,4838667979983996347,177,105402.45,2025-06-04,Success
PAY0005966,ORD0005966,349553366610804,502,9465.16,2025-07-10,Failed
PAY0005967,ORD0005967,4677664270664441,49,136313.95,2025-03-26,Success
PAY0005968,ORD0005968,3598025582720131,214,48711.36,2025-04-02,Success
PAY0005969,ORD0005969,347694154797932,399,116739.76,2025-01-08,Refunded
PAY0005970,ORD0005970,4512971080239,467,16937.95,2026-02-06,Success
PAY0005971,ORD0005971,2245813259305750,649,34170.8,2025-06-01,Failed
PAY0005972,ORD0005972,2720875100664382,770,71652.12,2025-11-22,Failed
PAY0005973,ORD0005973,4785708546701419,651,20687.4,2025-08-29,Success
PAY0005974,ORD0005974,4208716115480097142,710,16937.95,2025-07-03,Success
PAY0005975,ORD0005975,344360975280762,379,27267.87,2025-10-23,Success
PAY0005976,ORD0005976,345214381546911,703,15627.44,2026-06-08,Failed
PAY0005977,ORD0005977,341801212460579,126,101630.0,2024-08-04,Failed
PAY0005978,ORD0005978,3598028229749182,945,9094.16,2025-04-02,Failed
PAY0005979,ORD0005979,2258717731652818,728,11177.72,2026-02-24,Failed
PAY0005980,ORD0005980,676387308940,1998,9940.32,2025-09-29,Failed
PAY0005981,ORD0005981,2264205485892287,474,88348.4,2026-07-12,Success
PAY0005982,ORD0005982,3524797401830544,443,4495.12,2026-05-04,Success
PAY0005983,ORD0005983,30179166086757,8486,148882.25,2025-08-13,Success
PAY0005984,ORD0005984,60479008330,828,23895.2,2026-01-22,Success
PAY0005985,ORD0005985,3534658327065607,4907,19880.64,2025-08-26,Failed
PAY0005986,ORD0005986,30103098227107,370,7813.72,2024-10-26,Success
PAY0005987,ORD0005987,2683336888806021,330,55170.36,2025-08-17,Failed
PAY0005988,ORD0005988,4521448925926852,660,49648.0,2026-07-10,Failed
PAY0005989,ORD0005989,30069901919380,70,1120.17,2025-09-12,Failed
PAY0005990,ORD0005990,4156201967813,455,15462.81,2024-12-29,Refunded
PAY0005991,ORD0005991,30554549359354,817,45759.32,2025-12-07,Success
PAY0005992,ORD0005992,2252295806380165,485,34875.72,2025-01-18,Failed
PAY0005993,ORD0005993,6011180242390023,316,58359.33,2024-07-20,Success
PAY0005994,ORD0005994,4608010145027724720,5321,99265.25,2025-04-03,Failed
PAY0005995,ORD0005995,213198886901441,588,28970.2,2026-02-16,Failed
PAY0005996,ORD0005996,349608943368407,100,1314.28,2025-01-20,Failed
PAY0005997,ORD0005997,4293987541267650,847,24922.3,2026-06-13,Failed
PAY0005998,ORD0005998,4987864808082414,121,31060.48,2025-11-19,Failed
PAY0005999,ORD0005999,6011805622692362,1044,37860.64,2025-07-18,Success
PAY0006000,ORD0006000,6530309024709397,698,17649.86,2026-07-10,Failed
PAY0006001,ORD0006001,4590856277948,199,26855.71,2025-05-20,Failed
PAY0006002,ORD0006002,4743692290591070,577,30715.71,2026-05-01,Success
PAY0006003,ORD0006003,3559208761797750,14,8643.0,2024-11-08,Success
PAY0006004,ORD0006004,4487895218548,628,72562.65,2024-10-21,Refunded
PAY0006005,ORD0006005,4486632092275305027,47,64090.68,2024-12-20,Success
PAY0006006,ORD0006006,676273407699,485,54525.58,2024-09-19,Failed
PAY0006007,ORD0006007,4155880994483865,796,44866.59,2026-03-16,Refunded
PAY0006008,ORD0006008,5325128613328059,557,45162.2,2025-12-05,Failed
PAY0006009,ORD0006009,30129121351473,246,45152.55,2025-02-28,Refunded
PAY0006010,ORD0006010,30073732269668,221,25761.43,2026-01-16,Success
PAY0006011,ORD0006011,38193110685319,901,41946.76,2025-03-25,Success
PAY0006012,ORD0006012,3593695406856223,105,97907.05,2025-07-23,Failed
PAY0006013,ORD0006013,583616660549,650,11681.79,2026-01-17,Refunded
PAY0006014,ORD0006014,501844128741,389,119105.8,2025-09-10,Failed
PAY0006015,ORD0006015,3513926943974345,449,49738.46,2024-11-14,Success
PAY0006016,ORD0006016,4251855175565931,8728,58369.88,2026-01-10,Success
PAY0006017,ORD0006017,4627155832502739381,582,104868.65,2026-03-28,Success
PAY0006018,ORD0006018,30451150462744,649,82095.12,2024-10-30,Failed
PAY0006019,ORD0006019,60479400636,770,50280.75,2026-07-04,Refunded
PAY0006020,ORD0006020,2247170726105562,842,19864.09,2025-04-29,Refunded
PAY0006021,ORD0006021,4763237986435938,109,148916.55,2025-08-01,Failed
PAY0006022,ORD0006022,344770419818052,4622,52433.45,2025-11-27,Refunded
PAY0006023,ORD0006023,30119701137202,876,33361.7,2025-04-01,Failed
PAY0006024,ORD0006024,373398878425427,689,4495.12,2026-03-19,Success
PAY0006025,ORD0006025,5564963343349391,985,14779.28,2026-01-17,Failed
PAY0006026,ORD0006026,30179667842021,340,87590.49,2025-02-11,Refunded
PAY0006027,ORD0006027,379650153171702,974,19307.8,2026-02-25,Success
PAY0006028,ORD0006028,503800707625,42,68378.91,2025-04-19,Failed
PAY0006029,ORD0006029,4529804522337718295,559,29196.83,2024-11-16,Failed
PAY0006030,ORD0006030,340187159949019,416,4870.65,2024-10-13,Success
PAY0006031,ORD0006031,4280181671254978,764,13223.15,2025-12-12,Success
PAY0006032,ORD0006032,377592413848707,13,62421.36,2025-11-29,Success
PAY0006033,ORD0006033,4191732583574750926,208,15351.68,2026-07-16,Success
PAY0006034,ORD0006034,372405345831581,771,34170.8,2026-05-16,Refunded
PAY0006035,ORD0006035,3516582769649193,29,92847.8,2025-11-15,Refunded
PAY0006036,ORD0006036,4610752090326,63,13145.19,2024-09-26,Success
PAY0006037,ORD0006037,4042902899358245,924,105094.3,2025-01-29,Failed
PAY0006038,ORD0006038,4175151061548220,651,1548.11,2024-08-18,Failed
PAY0006039,ORD0006039,4731429460518,47,3837.92,2026-05-11,Refunded
PAY0006040,ORD0006040,4455484286000455412,595,24330.4,2025-08-06,Refunded
PAY0006041,ORD0006041,4767033535539882,236,12461.15,2026-03-22,Success
PAY0006042,ORD0006042,2717546879871707,418,24572.4,2024-09-26,Success
PAY0006043,ORD0006043,3598845116551078,672,2406.91,2025-06-09,Success
PAY0006044,ORD0006044,675939480678,403,61754.08,2026-06-17,Failed
PAY0006045,ORD0006045,2275941325164621,319,5082.72,2026-05-14,Success
PAY0006046,ORD0006046,379571739861998,5995,17159.77,2025-11-20,Refunded
PAY0006047,ORD0006047,4260025002184456104,632,28287.72,2025-09-05,Success
PAY0006048,ORD0006048,4488713269357233396,651,77284.29,2024-12-25,Refunded
PAY0006049,ORD0006049,3593774866357970,473,37827.72,2024-12-04,Success
PAY0006050,ORD0006050,676180588060,975,89187.05,2025-05-02,Success
PAY0006051,ORD0006051,4917411424994724,850,11340.15,2025-01-18,Refunded
PAY0006052,ORD0006052,379362591254831,441,79081.8,2024-10-29,Failed
PAY0006053,ORD0006053,639004763319,734,13972.15,2025-08-19,Failed
PAY0006054,ORD0006054,4781916456943420750,9955,15332.52,2025-03-03,Refunded
PAY0006055,ORD0006055,6011477922720671,14,11084.46,2026-03-05,Failed
PAY0006056,ORD0006056,6526308084540888,165,84321.96,2025-08-06,Refunded
PAY0006057,ORD0006057,6011333763819330,420,47757.68,2026-06-06,Refunded
PAY0006058,ORD0006058,3593134050164353,3256,14240.65,2026-04-22,Refunded
PAY0006059,ORD0006059,6011061432958110,6588,6192.44,2024-08-20,Failed
PAY0006060,ORD0006060,347308035127389,381,27010.49,2025-01-31,Success
PAY0006061,ORD0006061,3576667972945780,903,88770.16,2024-10-03,Failed
PAY0006062,ORD0006062,4919295098475310,152,76640.72,2024-10-18,Failed
PAY0006063,ORD0006063,213148522935410,633,104835.8,2026-05-05,Failed
PAY0006064,ORD0006064,6592946569208668,898,63265.44,2026-06-23,Success
PAY0006065,ORD0006065,4732796421059,512,575.14,2025-09-20,Failed
PAY0006066,ORD0006066,4976307719435795,372,23176.16,2026-05-26,Refunded
PAY0006067,ORD0006067,4378354695225398,226,13108.83,2026-02-24,Failed
PAY0006068,ORD0006068,341926948373018,629,48598.5,2025-04-11,Success
PAY0006069,ORD0006069,4278268683487313346,587,110578.4,2025-12-02,Success
PAY0006070,ORD0006070,30023550527572,926,86514.52,2024-09-01,Success
PAY0006071,ORD0006071,4607448745656488,499,23639.75,2025-02-07,Refunded
PAY0006072,ORD0006072,572998843278,883,1208.14,2025-03-18,Refunded
PAY0006073,ORD0006073,4930602205019,489,70412.28,2025-01-26,Success
PAY0006074,ORD0006074,4988002726703,820,47325.8,2025-04-12,Success
PAY0006075,ORD0006075,371092388283440,3840,45025.94,2025-11-08,Success
PAY0006076,ORD0006076,6011870820106888,513,13182.95,2026-03-01,Failed
PAY0006077,ORD0006077,4928257509825185,988,11426.12,2025-08-05,Success
PAY0006078,ORD0006078,3523990002015786,5600,11783.66,2024-10-31,Failed
PAY0006079,ORD0006079,4616190187525230,801,118056.1,2026-06-18,Refunded
PAY0006080,ORD0006080,3576946974871750,432,24572.4,2025-09-01,Failed
PAY0006081,ORD0006081,213196649839189,198,60328.02,2026-05-07,Failed
PAY0006082,ORD0006082,567673012603,824,9445.17,2024-12-07,Refunded
PAY0006083,ORD0006083,3514361721941622,94,27412.47,2025-06-10,Refunded
PAY0006084,ORD0006084,3553040579795619,323,24653.26,2025-05-14,Failed
PAY0006085,ORD0006085,6592946947486507,65,36573.48,2026-04-07,Refunded
PAY0006086,ORD0006086,3566744465772518,189,37005.4,2025-12-26,Refunded
PAY0006087,ORD0006087,6534492459525003,998,9752.18,2025-02-05,Failed
PAY0006088,ORD0006088,6011120701836785,684,18474.1,2024-10-10,Refunded
PAY0006089,ORD0006089,30541410101403,65,18362.88,2025-01-15,Success
PAY0006090,ORD0006090,501806480817,440,8206.7,2025-10-25,Refunded
PAY0006091,ORD0006091,3519179462645052,471,40320.84,2026-03-08,Success
PAY0006092,ORD0006092,6515557709423499,832,79939.55,2025-12-31,Success
PAY0006093,ORD0006093,3527158053244988,861,26156.79,2025-09-19,Refunded
PAY0006094,ORD0006094,3538133380964209,542,42746.61,2024-11-01,Success
PAY0006095,ORD0006095,4489344037393830714,853,95281.6,2025-07-01,Failed
PAY0006096,ORD0006096,36412443517839,721,28346.72,2025-04-10,Success
PAY0006097,ORD0006097,2231738559312618,231,14737.8,2025-11-07,Refunded
PAY0006098,ORD0006098,3583086513707156,523,69940.02,2026-01-22,Success
PAY0006099,ORD0006099,3596824245217648,263,59822.12,2026-05-28,Failed
PAY0006100,ORD0006100,3571872062563312,967,61150.2,2026-02-06,Refunded
PAY0006101,ORD0006101,4040554899733851,954,110435.5,2026-01-06,Failed
PAY0006102,ORD0006102,3522769075223902,404,7220.73,2025-12-13,Refunded
PAY0006103,ORD0006103,4444053852228274,165,84455.12,2025-08-04,Refunded
PAY0006104,ORD0006104,213149853613485,807,40954.28,2024-11-10,Success
PAY0006105,ORD0006105,3513514309680043,364,41858.28,2025-06-16,Failed
PAY0006106,ORD0006106,676376838337,960,69868.02,2025-07-18,Success
PAY0006107,ORD0006107,3581022060189474,453,59697.1,2026-07-02,Success
PAY0006108,ORD0006108,180007764973126,294,68846.55,2024-12-05,Refunded
PAY0006109,ORD0006109,2709451695207006,542,9336.54,2025-01-07,Success
PAY0006110,ORD0006110,4121910749783835201,367,104868.65,2025-01-11,Success
PAY0006111,ORD0006111,4506228239358235,41,57666.06,2024-09-28,Failed
PAY0006112,ORD0006112,2255874122402049,908,124346.15,2025-08-05,Failed
PAY0006113,ORD0006113,180034778552043,857,22076.96,2026-01-30,Failed
PAY0006114,ORD0006114,4389070755663226311,33,51522.86,2026-04-13,Refunded
PAY0006115,ORD0006115,4325386352615440,708,137062.35,2025-05-05,Success
PAY0006116,ORD0006116,675981568834,625,23515.2,2026-06-06,Success
PAY0006117,ORD0006117,4155010610940177,972,62167.65,2024-11-28,Failed
PAY0006118,ORD0006118,180014671940420,823,21848.05,2025-01-22,Success
PAY0006119,ORD0006119,2281680805025223,79,26524.78,2026-07-12,Success
PAY0006120,ORD0006120,6594879282852827,655,85163.73,2026-01-26,Success
PAY0006121,ORD0006121,38442320735210,198,14004.81,2025-11-11,Failed
PAY0006122,ORD0006122,3569568846456245,250,8383.29,2025-03-25,Failed
PAY0006123,ORD0006123,4596856515074745980,613,15103.12,2025-04-05,Refunded
PAY0006124,ORD0006124,4826263089470,729,7723.12,2025-09-05,Failed
PAY0006125,ORD0006125,4131075281245,969,51937.22,2025-12-12,Refunded
